{
    "parent": "builtin/entity",
    "display": {
        "thirdperson": {
            "rotation": [ 0, 90, -90 ],
            "translation": [ 0, 0, -4 ],
            "scale": [ 0.5, 0.5, 0.5 ]
        },
        "firstperson": {
            "rotation": [ 0, 225, 0 ]
        },
        "gui": {
            "rotation": [ 30, 20, 0 ],
            "translation": [ 0, -3.25, 0],
            "scale":[ 0.5325, 0.5325, 0.5325]
        },
        "head": {
            "rotation": [ 180, 180, 0 ],
            "translation": [ 0, -12, 8.0 ],
            "scale": [ 1.14, 1.14, 1.14 ]
        },
        "thirdperson_righthand": {
            "rotation": [ 0, 90, 0 ],
            "translation": [ 0, 2, 0.5],
            "scale":[ 0.375, 0.375, 0.375]
        },
        "firstperson_righthand": {
            "rotation": [ 0, 90, 0 ],
            "translation": [ 0, 0, 0],
            "scale":[ 0.375, 0.375, 0.375]
        }
    }
}
