{
	"credit": "Made with Blockbench",
	"parent": "minecraft:block/pointed_dripstone",
	"textures": {
		"cross": "block/pointed_dripstone_up_tip"
	},
	"elements": [
		{
			"from": [4, 0, 4],
			"to": [12, 1, 12],
			"faces": {
				"north": {"uv": [4, 15, 12, 16], "texture": "#cross"},
				"east": {"uv": [4, 15, 12, 16], "texture": "#cross"},
				"south": {"uv": [4, 15, 12, 16], "texture": "#cross"},
				"west": {"uv": [4, 15, 12, 16], "texture": "#cross"},
				"up": {"uv": [4, 15, 12, 16], "texture": "#cross"},
				"down": {"uv": [4, 15, 12, 16], "texture": "#cross"}
			}
		},
		{
			"from": [5, 2, 5],
			"to": [11, 5, 11],
			"faces": {
				"north": {"uv": [5, 11, 11, 14], "texture": "#cross"},
				"east": {"uv": [5, 11, 11, 14], "texture": "#cross"},
				"south": {"uv": [5, 11, 11, 14], "texture": "#cross"},
				"west": {"uv": [5, 11, 11, 14], "texture": "#cross"},
				"up": {"uv": [5, 11, 11, 14], "texture": "#cross"},
				"down": {"uv": [5, 11, 11, 14], "texture": "#cross"}
			}
		},
		{
			"from": [6, 5, 6],
			"to": [10, 8, 10],
			"faces": {
				"north": {"uv": [6, 8, 10, 11], "texture": "#cross"},
				"east": {"uv": [6, 8, 10, 11], "texture": "#cross"},
				"south": {"uv": [6, 8, 10, 11], "texture": "#cross"},
				"west": {"uv": [6, 8, 10, 11], "texture": "#cross"},
				"up": {"uv": [6, 8, 10, 11], "texture": "#cross"},
				"down": {"uv": [6, 8, 10, 11], "texture": "#cross"}
			}
		},
		{
			"from": [7, 8, 7],
			"to": [10, 10, 10],
			"faces": {
				"north": {"uv": [6, 6, 9, 8], "texture": "#cross"},
				"east": {"uv": [6, 6, 9, 8], "texture": "#cross"},
				"south": {"uv": [6, 6, 9, 8], "texture": "#cross"},
				"west": {"uv": [6, 6, 9, 8], "texture": "#cross"},
				"up": {"uv": [6, 6, 9, 8], "texture": "#cross"},
				"down": {"uv": [6, 6, 9, 8], "texture": "#cross"}
			}
		},
		{
			"from": [7, 10, 8],
			"to": [9, 11, 10],
			"faces": {
				"north": {"uv": [7, 5, 9, 6], "texture": "#cross"},
				"east": {"uv": [7, 5, 9, 6], "texture": "#cross"},
				"south": {"uv": [7, 5, 9, 6], "texture": "#cross"},
				"west": {"uv": [7, 5, 9, 6], "texture": "#cross"},
				"up": {"uv": [6, 6, 8, 8], "texture": "#cross"},
				"down": {"uv": [7, 5, 9, 6], "texture": "#cross"}
			}
		},
		{
			"from": [4, 1, 4],
			"to": [11, 2, 11],
			"faces": {
				"north": {"uv": [5, 14, 12, 15], "texture": "#cross"},
				"east": {"uv": [5, 14, 12, 15], "texture": "#cross"},
				"south": {"uv": [5, 14, 12, 15], "texture": "#cross"},
				"west": {"uv": [5, 14, 12, 15], "texture": "#cross"},
				"up": {"uv": [5, 14, 12, 15], "texture": "#cross"},
				"down": {"uv": [5, 14, 12, 15], "texture": "#cross"}
			}
		}
	]
}