{
	"credit": "Made with Blockbench",
	"parent": "minecraft:block/pointed_dripstone",
	"textures": {
		"cross": "block/pointed_dripstone_up_base"
	},
	"elements": [
		{
			"from": [1, 5, 1],
			"to": [15, 14, 15],
			"faces": {
				"north": {"uv": [1, 2, 15, 11], "texture": "#cross"},
				"east": {"uv": [1, 2, 15, 11], "texture": "#cross"},
				"south": {"uv": [1, 2, 15, 11], "texture": "#cross"},
				"west": {"uv": [1, 2, 15, 11], "texture": "#cross"},
				"up": {"uv": [1, 2, 15, 11], "texture": "#cross"},
				"down": {"uv": [1, 2, 15, 11], "texture": "#cross"}
			}
		},
		{
			"from": [2, 14, 2],
			"to": [15, 15, 15],
			"faces": {
				"north": {"uv": [1, 1, 14, 2], "texture": "#cross"},
				"east": {"uv": [1, 1, 14, 2], "texture": "#cross"},
				"south": {"uv": [1, 1, 14, 2], "texture": "#cross"},
				"west": {"uv": [1, 1, 14, 2], "texture": "#cross"},
				"up": {"uv": [1, 1, 14, 2], "texture": "#cross"},
				"down": {"uv": [1, 1, 14, 2], "texture": "#cross"}
			}
		},
		{
			"from": [2, 15, 3],
			"to": [14, 16, 15],
			"faces": {
				"north": {"uv": [2, 0, 14, 1], "texture": "#cross"},
				"east": {"uv": [2, 0, 14, 1], "texture": "#cross"},
				"south": {"uv": [2, 0, 14, 1], "texture": "#cross"},
				"west": {"uv": [2, 0, 14, 1], "texture": "#cross"},
				"up": {"uv": [2, 0, 14, 1], "texture": "#cross"},
				"down": {"uv": [2, 0, 14, 1], "texture": "#cross"}
			}
		},
		{
			"from": [1, 4, 0],
			"to": [16, 5, 15],
			"faces": {
				"north": {"uv": [0, 11, 15, 12], "texture": "#cross"},
				"east": {"uv": [0, 11, 15, 12], "texture": "#cross"},
				"south": {"uv": [0, 11, 15, 12], "texture": "#cross"},
				"west": {"uv": [0, 11, 15, 12], "texture": "#cross"},
				"up": {"uv": [0, 11, 15, 12], "texture": "#cross"},
				"down": {"uv": [0, 11, 15, 12], "texture": "#cross"}
			}
		},
		{
			"from": [0, 0, 0],
			"to": [16, 4, 16],
			"faces": {
				"north": {"uv": [0, 12, 16, 16], "texture": "#cross"},
				"east": {"uv": [0, 12, 16, 16], "texture": "#cross"},
				"south": {"uv": [0, 12, 16, 16], "texture": "#cross"},
				"west": {"uv": [0, 12, 16, 16], "texture": "#cross"},
				"up": {"uv": [0, 12, 16, 16], "texture": "#cross"},
				"down": {"uv": [0, 12, 16, 16], "texture": "#cross"}
			}
		}
	]
}