{
	"credit": "Made with Blockbench",
	"ambientocclusion": false,
	"textures": {
		"particle": "#cross"
	},
	"elements": [
		{
			"from": [0.8, 0, 7.75],
			"to": [15.2, 16, 7.75],
			"shade": false,
			"rotation": {"angle": 45, "axis": "y", "origin": [8, 8, 8], "rescale": true},
			"faces": {
				"north": {"uv": [0, 0, 16, 16], "texture": "#cross","tintindex":0},
				"south": {"uv": [0, 0, 16, 16], "texture": "#cross","tintindex":0}
			}
		},
		{
			"from": [0.8, 0, 7.825],
			"to": [15.2, 16, 7.825],
			"shade": false,
			"rotation": {"angle": 45, "axis": "y", "origin": [8, 8, 8], "rescale": true},
			"faces": {
				"north": {"uv": [0, 0, 16, 16], "texture": "#cross","tintindex":0},
				"south": {"uv": [0, 0, 16, 16], "texture": "#cross","tintindex":0}
			}
		},
		{
			"from": [0.8, 0, 7.9],
			"to": [15.2, 16, 7.9],
			"shade": false,
			"rotation": {"angle": 45, "axis": "y", "origin": [8, 8, 8], "rescale": true},
			"faces": {
				"north": {"uv": [0, 0, 16, 16], "texture": "#cross","tintindex":0},
				"south": {"uv": [0, 0, 16, 16], "texture": "#cross","tintindex":0}
			}
		},
		{
			"from": [0.8, 0, 8],
			"to": [15.2, 16, 8],
			"shade": false,
			"rotation": {"angle": 45, "axis": "y", "origin": [8, 8, 8], "rescale": true},
			"faces": {
				"north": {"uv": [0, 0, 16, 16], "texture": "#cross","tintindex":0},
				"south": {"uv": [0, 0, 16, 16], "texture": "#cross","tintindex":0}
			}
		},
		{
			"from": [0.8, 0, 8.075],
			"to": [15.2, 16, 8.075],
			"shade": false,
			"rotation": {"angle": 45, "axis": "y", "origin": [8, 8, 8], "rescale": true},
			"faces": {
				"north": {"uv": [0, 0, 16, 16], "texture": "#cross","tintindex":0},
				"south": {"uv": [0, 0, 16, 16], "texture": "#cross","tintindex":0}
			}
		},
		{
			"from": [0.8, 0, 8.15],
			"to": [15.2, 16, 8.15],
			"shade": false,
			"rotation": {"angle": 45, "axis": "y", "origin": [8, 8, 8], "rescale": true},
			"faces": {
				"north": {"uv": [0, 0, 16, 16], "texture": "#cross","tintindex":0},
				"south": {"uv": [0, 0, 16, 16], "texture": "#cross","tintindex":0}
			}
		},
		{
			"from": [7.75, 0, 0.8],
			"to": [7.75, 16, 15.2],
			"shade": false,
			"rotation": {"angle": 45, "axis": "y", "origin": [8, 8, 8], "rescale": true},
			"faces": {
				"east": {"uv": [0, 0, 16, 16], "texture": "#cross","tintindex":0},
				"west": {"uv": [0, 0, 16, 16], "texture": "#cross","tintindex":0}
			}
		},
		{
			"from": [7.825, 0, 0.8],
			"to": [7.825, 16, 15.2],
			"shade": false,
			"rotation": {"angle": 45, "axis": "y", "origin": [8, 8, 8], "rescale": true},
			"faces": {
				"east": {"uv": [0, 0, 16, 16], "texture": "#cross","tintindex":0},
				"west": {"uv": [0, 0, 16, 16], "texture": "#cross","tintindex":0}
			}
		},
		{
			"from": [7.9, 0, 0.8],
			"to": [7.9, 16, 15.2],
			"shade": false,
			"rotation": {"angle": 45, "axis": "y", "origin": [8, 8, 8], "rescale": true},
			"faces": {
				"east": {"uv": [0, 0, 16, 16], "texture": "#cross","tintindex":0},
				"west": {"uv": [0, 0, 16, 16], "texture": "#cross","tintindex":0}
			}
		},
		{
			"from": [8, 0, 0.8],
			"to": [8, 16, 15.2],
			"shade": false,
			"rotation": {"angle": 45, "axis": "y", "origin": [8, 8, 8], "rescale": true},
			"faces": {
				"east": {"uv": [0, 0, 16, 16], "texture": "#cross","tintindex":0},
				"west": {"uv": [0, 0, 16, 16], "texture": "#cross","tintindex":0}
			}
		},
		{
			"from": [8.075, 0, 0.8],
			"to": [8.075, 16, 15.2],
			"shade": false,
			"rotation": {"angle": 45, "axis": "y", "origin": [8, 8, 8], "rescale": true},
			"faces": {
				"east": {"uv": [0, 0, 16, 16], "texture": "#cross","tintindex":0},
				"west": {"uv": [0, 0, 16, 16], "texture": "#cross","tintindex":0}
			}
		},
		{
			"from": [8.15, 0, 0.8],
			"to": [8.15, 16, 15.2],
			"shade": false,
			"rotation": {"angle": 45, "axis": "y", "origin": [8, 8, 8], "rescale": true},
			"faces": {
				"east": {"uv": [0, 0, 16, 16], "texture": "#cross","tintindex":0},
				"west": {"uv": [0, 0, 16, 16], "texture": "#cross","tintindex":0}
			}
		}
	],
	"groups": [
		{
			"name": "group",
			"origin": [8, 8, 8],
			"color": 0,
			"children": [
				{
					"name": "group",
					"origin": [8, 8, 8],
					"color": 0,
					"children": [0, 1, 2]
				},
				{
					"name": "group",
					"origin": [8, 8, 8],
					"color": 0,
					"children": [3, 4, 5]
				}
			]
		},
		{
			"name": "group",
			"origin": [8, 8, 8],
			"color": 0,
			"children": [
				{
					"name": "group",
					"origin": [8, 8, 8],
					"color": 0,
					"children": [6, 7, 8]
				},
				{
					"name": "group",
					"origin": [8, 8, 8],
					"color": 0,
					"children": [9, 10, 11]
				}
			]
		}
	]
}