{
	"credit": "Made with Blockbench",
	"ambientocclusion": false,
	"textures": {
		"1": "block/brown_mushroom_net",
		"2": "block/brown_mushroom_net_e",
		"missing": "block/missing",
		"particle": "block/brown_mushroom"
	},
	"elements": [
		{
			"from": [7, 0, 7],
			"to": [9, 5, 9],
			"faces": {
				"north": {"uv": [0, 0, 2, 5], "texture": "#1"},
				"east": {"uv": [6, 0, 8, 5], "texture": "#1"},
				"south": {"uv": [4, 0, 6, 5], "texture": "#1"},
				"west": {"uv": [2, 0, 4, 5], "texture": "#1"},
				"up": {"uv": [2, 5, 4, 7], "texture": "#1"},
				"down": {"uv": [0, 5, 2, 7], "texture": "#1"}
			}
		},
		{
			"from": [7, 0, 7],
			"to": [9, 5, 9],
			"faces": {
				"north": {"uv": [0, 0, 2, 5], "texture": "#1"},
				"east": {"uv": [6, 0, 8, 5], "texture": "#1"},
				"south": {"uv": [4, 0, 6, 5], "texture": "#1"},
				"west": {"uv": [2, 0, 4, 5], "texture": "#1"},
				"up": {"uv": [2, 5, 4, 7], "texture": "#1"},
				"down": {"uv": [0, 5, 2, 7], "texture": "#2"}
			}
		},
		{
			"from": [4, 5, 5],
			"to": [12, 6, 11],
			"faces": {
				"north": {"uv": [8, 12, 16, 13], "texture": "#1"},
				"east": {"uv": [10, 10, 16, 11], "texture": "#1"},
				"south": {"uv": [8, 13, 16, 14], "texture": "#1"},
				"west": {"uv": [10, 10, 16, 11], "texture": "#1"},
				"up": {"uv": [0, 9, 8, 15], "texture": "#1"},
				"down": {"uv": [8, 1, 16, 7], "texture": "#1"}
			}
		},
		{
			"from": [4, 5, 5],
			"to": [12, 6, 11],
			"faces": {
				"north": {"uv": [8, 12, 16, 13], "texture": "#1"},
				"east": {"uv": [10, 10, 16, 11], "texture": "#1"},
				"south": {"uv": [8, 13, 16, 14], "texture": "#1"},
				"west": {"uv": [10, 10, 16, 11], "texture": "#1"},
				"up": {"uv": [0, 9, 8, 15], "texture": "#1"},
				"down": {"uv": [8, 1, 16, 7], "texture": "#2"}
			}
		},
		{
			"from": [5, 5, 11],
			"to": [11, 6, 12],
			"faces": {
				"north": {"uv": [0, 0, 8, 1], "texture": "#missing"},
				"east": {"uv": [15, 15, 16, 16], "texture": "#1"},
				"south": {"uv": [10, 11, 16, 12], "texture": "#1"},
				"west": {"uv": [15, 15, 16, 16], "texture": "#1"},
				"up": {"uv": [1, 8, 7, 9], "texture": "#1"},
				"down": {"uv": [9, 7, 15, 8], "texture": "#1"}
			}
		},
		{
			"from": [5, 5, 11],
			"to": [11, 6, 12],
			"faces": {
				"north": {"uv": [0, 0, 8, 1], "texture": "#missing"},
				"east": {"uv": [15, 15, 16, 16], "texture": "#1"},
				"south": {"uv": [10, 11, 16, 12], "texture": "#1"},
				"west": {"uv": [15, 15, 16, 16], "texture": "#1"},
				"up": {"uv": [1, 8, 7, 9], "texture": "#1"},
				"down": {"uv": [9, 7, 15, 8], "texture": "#2"}
			}
		},
		{
			"from": [5, 5, 4],
			"to": [11, 6, 5],
			"faces": {
				"north": {"uv": [10, 11, 16, 12], "texture": "#1"},
				"east": {"uv": [15, 15, 16, 16], "texture": "#1"},
				"south": {"uv": [0, 0, 8, 1], "texture": "#missing"},
				"west": {"uv": [14, 15, 15, 16], "texture": "#1"},
				"up": {"uv": [1, 15, 7, 16], "texture": "#1"},
				"down": {"uv": [9, 0, 15, 1], "texture": "#1"}
			}
		},
		{
			"from": [5, 5, 4],
			"to": [11, 6, 5],
			"faces": {
				"north": {"uv": [10, 11, 16, 12], "texture": "#1"},
				"east": {"uv": [15, 15, 16, 16], "texture": "#1"},
				"south": {"uv": [0, 0, 8, 1], "texture": "#missing"},
				"west": {"uv": [14, 15, 15, 16], "texture": "#1"},
				"up": {"uv": [1, 15, 7, 16], "texture": "#1"},
				"down": {"uv": [9, 0, 15, 1], "texture": "#2"}
			}
		},
		{
			"from": [11.5, 4.5, 5.01],
			"to": [12, 5, 10.99],
			"faces": {
				"north": {"uv": [0, 0, 0.5, 0.5], "texture": "#missing"},
				"east": {"uv": [10, 8, 15.98, 8.5], "texture": "#1"},
				"south": {"uv": [0, 0, 0.5, 0.5], "texture": "#missing"},
				"west": {"uv": [15, 1, 15.5, 6.98], "rotation": 90, "texture": "#1"},
				"up": {"uv": [0, 0, 0.5, 8], "texture": "#missing"},
				"down": {"uv": [0, 7, 5.98, 7.5], "rotation": 270, "texture": "#1"}
			}
		},
		{
			"from": [11.5, 4.5, 5.01],
			"to": [12, 5, 10.99],
			"faces": {
				"north": {"uv": [0, 0, 0.5, 0.5], "texture": "#missing"},
				"east": {"uv": [10, 8, 15.98, 8.5], "texture": "#1"},
				"south": {"uv": [0, 0, 0.5, 0.5], "texture": "#missing"},
				"west": {"uv": [15, 1, 15.5, 6.98], "rotation": 90, "texture": "#1"},
				"up": {"uv": [0, 0, 0.5, 8], "texture": "#missing"},
				"down": {"uv": [0, 7, 5.98, 7.5], "rotation": 270, "texture": "#2"}
			}
		},
		{
			"from": [5.01, 4.5, 4],
			"to": [10.99, 5, 4.5],
			"faces": {
				"north": {"uv": [10, 8, 15.98, 8.5], "texture": "#1"},
				"east": {"uv": [0, 0, 0.5, 0.5], "texture": "#missing"},
				"south": {"uv": [10, 7, 15.98, 7.5], "texture": "#1"},
				"west": {"uv": [0, 0, 0.5, 0.5], "texture": "#missing"},
				"up": {"uv": [0, 0, 0.5, 8], "rotation": 270, "texture": "#missing"},
				"down": {"uv": [0, 7, 5.98, 7.5], "texture": "#1"}
			}
		},
		{
			"from": [5.01, 4.5, 4],
			"to": [10.99, 5, 4.5],
			"faces": {
				"north": {"uv": [10, 8, 15.98, 8.5], "texture": "#1"},
				"east": {"uv": [0, 0, 0.5, 0.5], "texture": "#missing"},
				"south": {"uv": [10, 7, 15.98, 7.5], "texture": "#1"},
				"west": {"uv": [0, 0, 0.5, 0.5], "texture": "#missing"},
				"up": {"uv": [0, 0, 0.5, 8], "rotation": 270, "texture": "#missing"},
				"down": {"uv": [0, 7, 5.98, 7.5], "texture": "#2"}
			}
		},
		{
			"from": [4, 4.5, 5.01],
			"to": [4.5, 5, 10.99],
			"faces": {
				"north": {"uv": [0, 0, 0.5, 0.5], "texture": "#missing"},
				"east": {"uv": [15, 1, 15.5, 6.98], "rotation": 90, "texture": "#1"},
				"south": {"uv": [0, 0, 0.5, 0.5], "texture": "#missing"},
				"west": {"uv": [8, 9, 13.98, 9.5], "texture": "#1"},
				"up": {"uv": [0, 0, 0.5, 8], "rotation": 180, "texture": "#missing"},
				"down": {"uv": [0, 6.98, 5.98, 7.48], "rotation": 90, "texture": "#1"}
			}
		},
		{
			"from": [4, 4.5, 5.01],
			"to": [4.5, 5, 10.99],
			"faces": {
				"north": {"uv": [0, 0, 0.5, 0.5], "texture": "#missing"},
				"east": {"uv": [15, 1, 15.5, 6.98], "rotation": 90, "texture": "#1"},
				"south": {"uv": [0, 0, 0.5, 0.5], "texture": "#missing"},
				"west": {"uv": [8, 9, 13.98, 9.5], "texture": "#1"},
				"up": {"uv": [0, 0, 0.5, 8], "rotation": 180, "texture": "#missing"},
				"down": {"uv": [0, 6.98, 5.98, 7.48], "rotation": 90, "texture": "#2"}
			}
		},
		{
			"from": [5.01, 4.5, 11.5],
			"to": [10.99, 5, 12],
			"faces": {
				"north": {"uv": [9, 0, 14.98, 0.5], "texture": "#1"},
				"east": {"uv": [0, 0, 0.5, 0.5], "texture": "#missing"},
				"south": {"uv": [10, 8, 15.98, 8.5], "texture": "#1"},
				"west": {"uv": [0, 0, 0.5, 0.5], "texture": "#missing"},
				"up": {"uv": [0, 0, 0.5, 8], "rotation": 90, "texture": "#missing"},
				"down": {"uv": [0, 7, 5.98, 7.5], "rotation": 180, "texture": "#1"}
			}
		},
		{
			"from": [5.01, 4.5, 11.5],
			"to": [10.99, 5, 12],
			"faces": {
				"north": {"uv": [9, 0, 14.98, 0.5], "texture": "#1"},
				"east": {"uv": [0, 0, 0.5, 0.5], "texture": "#missing"},
				"south": {"uv": [10, 8, 15.98, 8.5], "texture": "#1"},
				"west": {"uv": [0, 0, 0.5, 0.5], "texture": "#missing"},
				"up": {"uv": [0, 0, 0.5, 8], "rotation": 90, "texture": "#missing"},
				"down": {"uv": [0, 7, 5.98, 7.5], "rotation": 180, "texture": "#2"}
			}
		},
		{
			"from": [5, 4.499, 4.01],
			"to": [5.5, 5, 5],
			"faces": {
				"north": {"uv": [0, 0, 0.5, 0.5], "texture": "#missing"},
				"east": {"uv": [11, 4, 11.99, 4.501], "texture": "#1"},
				"south": {"uv": [0, 0, 0.5, 0.5], "texture": "#missing"},
				"west": {"uv": [8, 11, 8.99, 11.501], "texture": "#1"},
				"up": {"uv": [0, 0, 0.5, 8], "rotation": 180, "texture": "#missing"},
				"down": {"uv": [6, 7, 6.5, 7.98], "rotation": 180, "texture": "#1"}
			}
		},
		{
			"from": [5, 4.499, 4.01],
			"to": [5.5, 5, 5],
			"faces": {
				"north": {"uv": [0, 0, 0.5, 0.5], "texture": "#missing"},
				"east": {"uv": [11, 4, 11.99, 4.501], "texture": "#1"},
				"south": {"uv": [0, 0, 0.5, 0.5], "texture": "#missing"},
				"west": {"uv": [8, 11, 8.99, 11.501], "texture": "#1"},
				"up": {"uv": [0, 0, 0.5, 8], "rotation": 180, "texture": "#missing"},
				"down": {"uv": [6, 7, 6.5, 7.98], "rotation": 180, "texture": "#2"}
			}
		},
		{
			"from": [4.01, 4.499, 10.5],
			"to": [5, 5, 11],
			"faces": {
				"north": {"uv": [11, 4, 11.99, 4.501], "texture": "#1"},
				"east": {"uv": [0, 0, 0.5, 0.5], "texture": "#missing"},
				"south": {"uv": [8, 11, 8.99, 11.501], "texture": "#1"},
				"west": {"uv": [0, 0, 0.5, 0.5], "texture": "#missing"},
				"up": {"uv": [0, 0, 0.5, 8], "rotation": 90, "texture": "#missing"},
				"down": {"uv": [6, 7, 6.5, 7.98], "rotation": 270, "texture": "#1"}
			}
		},
		{
			"from": [4.01, 4.499, 10.5],
			"to": [5, 5, 11],
			"faces": {
				"north": {"uv": [11, 4, 11.99, 4.501], "texture": "#1"},
				"east": {"uv": [0, 0, 0.5, 0.5], "texture": "#missing"},
				"south": {"uv": [8, 11, 8.99, 11.501], "texture": "#1"},
				"west": {"uv": [0, 0, 0.5, 0.5], "texture": "#missing"},
				"up": {"uv": [0, 0, 0.5, 8], "rotation": 90, "texture": "#missing"},
				"down": {"uv": [6, 7, 6.5, 7.98], "rotation": 270, "texture": "#2"}
			}
		},
		{
			"from": [10.5, 4.499, 11],
			"to": [11, 5, 11.99],
			"faces": {
				"north": {"uv": [0, 0, 0.5, 0.5], "texture": "#missing"},
				"east": {"uv": [8, 11, 8.99, 11.501], "texture": "#1"},
				"south": {"uv": [0, 0, 0.5, 0.5], "texture": "#missing"},
				"west": {"uv": [11, 4, 11.99, 4.501], "texture": "#1"},
				"up": {"uv": [0, 0, 0.5, 8], "texture": "#missing"},
				"down": {"uv": [6, 7, 6.5, 7.98], "texture": "#1"}
			}
		},
		{
			"from": [10.5, 4.499, 11],
			"to": [11, 5, 11.99],
			"faces": {
				"north": {"uv": [0, 0, 0.5, 0.5], "texture": "#missing"},
				"east": {"uv": [8, 11, 8.99, 11.501], "texture": "#1"},
				"south": {"uv": [0, 0, 0.5, 0.5], "texture": "#missing"},
				"west": {"uv": [11, 4, 11.99, 4.501], "texture": "#1"},
				"up": {"uv": [0, 0, 0.5, 8], "texture": "#missing"},
				"down": {"uv": [6, 7, 6.5, 7.98], "texture": "#2"}
			}
		},
		{
			"from": [11, 4.499, 5],
			"to": [11.99, 5, 5.5],
			"faces": {
				"north": {"uv": [8, 11, 8.99, 11.501], "texture": "#1"},
				"east": {"uv": [0, 0, 0.5, 0.5], "texture": "#missing"},
				"south": {"uv": [11, 4, 11.99, 4.501], "texture": "#1"},
				"west": {"uv": [0, 0, 0.5, 0.5], "texture": "#missing"},
				"up": {"uv": [0, 0, 0.5, 8], "rotation": 270, "texture": "#missing"},
				"down": {"uv": [6, 7, 6.5, 7.98], "rotation": 90, "texture": "#1"}
			}
		},
		{
			"from": [11, 4.499, 5],
			"to": [11.99, 5, 5.5],
			"faces": {
				"north": {"uv": [8, 11, 8.99, 11.501], "texture": "#1"},
				"east": {"uv": [0, 0, 0.5, 0.5], "texture": "#missing"},
				"south": {"uv": [11, 4, 11.99, 4.501], "texture": "#1"},
				"west": {"uv": [0, 0, 0.5, 0.5], "texture": "#missing"},
				"up": {"uv": [0, 0, 0.5, 8], "rotation": 270, "texture": "#missing"},
				"down": {"uv": [6, 7, 6.5, 7.98], "rotation": 90, "texture": "#2"}
			}
		},
		{
			"from": [4.01, 4.499, 5],
			"to": [5.49, 5, 5.5],
			"faces": {
				"north": {"uv": [8, 10, 9.48, 10.501], "texture": "#1"},
				"east": {"uv": [11, 3, 11.5, 3.501], "texture": "#1"},
				"south": {"uv": [11, 4, 12.48, 4.501], "texture": "#1"},
				"west": {"uv": [0, 0, 0.5, 0.5], "texture": "#missing"},
				"up": {"uv": [0, 0, 0.5, 8], "rotation": 270, "texture": "#missing"},
				"down": {"uv": [7, 6, 7.5, 7.48], "rotation": 90, "texture": "#1"}
			}
		},
		{
			"from": [4.01, 4.499, 5],
			"to": [5.49, 5, 5.5],
			"faces": {
				"north": {"uv": [8, 10, 9.48, 10.501], "texture": "#1"},
				"east": {"uv": [11, 3, 11.5, 3.501], "texture": "#1"},
				"south": {"uv": [11, 4, 12.48, 4.501], "texture": "#1"},
				"west": {"uv": [0, 0, 0.5, 0.5], "texture": "#missing"},
				"up": {"uv": [0, 0, 0.5, 8], "rotation": 270, "texture": "#missing"},
				"down": {"uv": [7, 6, 7.5, 7.48], "rotation": 90, "texture": "#2"}
			}
		},
		{
			"from": [5, 4.499, 10.51],
			"to": [5.5, 5, 11.99],
			"faces": {
				"north": {"uv": [11, 3, 11.5, 3.501], "texture": "#1"},
				"east": {"uv": [11, 4, 12.48, 4.501], "texture": "#1"},
				"south": {"uv": [0, 0, 0.5, 0.5], "texture": "#missing"},
				"west": {"uv": [8, 10, 9.48, 10.501], "texture": "#1"},
				"up": {"uv": [0, 0, 0.5, 8], "rotation": 180, "texture": "#missing"},
				"down": {"uv": [7, 6, 7.5, 7.48], "rotation": 180, "texture": "#1"}
			}
		},
		{
			"from": [5, 4.499, 10.51],
			"to": [5.5, 5, 11.99],
			"faces": {
				"north": {"uv": [11, 3, 11.5, 3.501], "texture": "#1"},
				"east": {"uv": [11, 4, 12.48, 4.501], "texture": "#1"},
				"south": {"uv": [0, 0, 0.5, 0.5], "texture": "#missing"},
				"west": {"uv": [8, 10, 9.48, 10.501], "texture": "#1"},
				"up": {"uv": [0, 0, 0.5, 8], "rotation": 180, "texture": "#missing"},
				"down": {"uv": [7, 6, 7.5, 7.48], "rotation": 180, "texture": "#2"}
			}
		},
		{
			"from": [10.51, 4.499, 10.5],
			"to": [11.99, 5, 11],
			"faces": {
				"north": {"uv": [11, 4, 12.48, 4.501], "texture": "#1"},
				"east": {"uv": [0, 0, 0.5, 0.5], "texture": "#missing"},
				"south": {"uv": [8, 10, 9.48, 10.501], "texture": "#1"},
				"west": {"uv": [11, 3, 11.5, 3.501], "texture": "#1"},
				"up": {"uv": [0, 0, 0.5, 8], "rotation": 90, "texture": "#missing"},
				"down": {"uv": [7, 6, 7.5, 7.48], "rotation": 270, "texture": "#1"}
			}
		},
		{
			"from": [10.51, 4.499, 10.5],
			"to": [11.99, 5, 11],
			"faces": {
				"north": {"uv": [11, 4, 12.48, 4.501], "texture": "#1"},
				"east": {"uv": [0, 0, 0.5, 0.5], "texture": "#missing"},
				"south": {"uv": [8, 10, 9.48, 10.501], "texture": "#1"},
				"west": {"uv": [11, 3, 11.5, 3.501], "texture": "#1"},
				"up": {"uv": [0, 0, 0.5, 8], "rotation": 90, "texture": "#missing"},
				"down": {"uv": [7, 6, 7.5, 7.48], "rotation": 270, "texture": "#2"}
			}
		},
		{
			"from": [10.5, 4.499, 4.01],
			"to": [11, 5, 5.49],
			"faces": {
				"north": {"uv": [0, 0, 0.5, 0.5], "texture": "#missing"},
				"east": {"uv": [8, 10, 9.48, 10.501], "texture": "#1"},
				"south": {"uv": [11, 3, 11.5, 3.501], "texture": "#1"},
				"west": {"uv": [11, 4, 12.48, 4.501], "texture": "#1"},
				"up": {"uv": [0, 0, 0.5, 8], "texture": "#missing"},
				"down": {"uv": [7, 6, 7.5, 7.48], "texture": "#1"}
			}
		},
		{
			"from": [10.5, 4.499, 4.01],
			"to": [11, 5, 5.49],
			"faces": {
				"north": {"uv": [0, 0, 0.5, 0.5], "texture": "#missing"},
				"east": {"uv": [8, 10, 9.48, 10.501], "texture": "#1"},
				"south": {"uv": [11, 3, 11.5, 3.501], "texture": "#1"},
				"west": {"uv": [11, 4, 12.48, 4.501], "texture": "#1"},
				"up": {"uv": [0, 0, 0.5, 8], "texture": "#missing"},
				"down": {"uv": [7, 6, 7.5, 7.48], "texture": "#2"}
			}
		}
	],
	"groups": [
		{
			"name": "brown_mushroom",
			"origin": [8, 8, 8],
			"children": [0, 1, 2, 3, 4, 5, 6, 7, 8, 9, 10, 11, 12, 13, 14, 15, 16, 17, 18, 19, 20, 21, 22, 23, 24, 25, 26, 27, 28, 29, 30, 31]
		}
	]
}