{
	"credit": "Made with Blockbench",
	"parent": "block/block",
	"ambientocclusion": false,
	"textures": {
		"bottom": "block/cactus_bottom",
		"top": "block/cactus_top",
		"particle": "block/cactus_side",
		"side": "block/cactus_side"
	},
	"elements": [
		{
			"from": [1, 0, 1],
			"to": [15, 16, 15],
			"faces": {
				"north": {"uv": [1, 0, 15, 16], "texture": "#side"},
				"east": {"uv": [1, 0, 15, 16], "texture": "#side"},
				"south": {"uv": [1, 0, 15, 16], "texture": "#side"},
				"west": {"uv": [1, 0, 15, 16], "texture": "#side"},
				"up": {"uv": [1, 1, 15, 15], "texture": "#top", "cullface": "up"},
				"down": {"uv": [1, 1, 15, 15], "texture": "#bottom", "cullface": "down"}
			}
		},
		{
			"from": [0.5, 3, 0],
			"to": [1, 4, 2],
			"faces": {
				"north": {"uv": [0, 12, 0.5, 13], "texture": "#side", "cullface": "north"},
				"east": {"uv": [0, 12, 2, 13], "texture": "#side"},
				"south": {"uv": [1, 12, 1.5, 13], "texture": "#side"},
				"west": {"uv": [0, 12, 2, 13], "texture": "#side"},
				"up": {"uv": [0, 12, 2, 13], "rotation": 90, "texture": "#side"},
				"down": {"uv": [0, 12, 2, 13], "rotation": 270, "texture": "#side"}
			}
		},
		{
			"from": [0.5, 13, 0],
			"to": [1, 14, 2],
			"faces": {
				"north": {"uv": [0, 2, 0.5, 3], "texture": "#side", "cullface": "north"},
				"east": {"uv": [0, 2, 2, 3], "texture": "#side"},
				"south": {"uv": [1, 2, 1.5, 3], "texture": "#side"},
				"west": {"uv": [0, 2, 2, 3], "texture": "#side"},
				"up": {"uv": [0, 2, 2, 3], "rotation": 90, "texture": "#side"},
				"down": {"uv": [0, 2, 2, 3], "rotation": 270, "texture": "#side"}
			}
		},
		{
			"from": [0.5, 5, 5],
			"to": [1, 6, 6],
			"faces": {
				"north": {"uv": [5, 10, 6, 11], "texture": "#side"},
				"south": {"uv": [5, 10, 6, 11], "texture": "#side"},
				"west": {"uv": [5, 10, 6, 11], "texture": "#side"},
				"up": {"uv": [5, 10, 6, 11], "texture": "#side"},
				"down": {"uv": [5, 10, 6, 11], "texture": "#side"}
			}
		},
		{
			"from": [0.5, 1, 10],
			"to": [1, 2, 11],
			"faces": {
				"north": {"uv": [10, 14, 11, 15], "texture": "#side"},
				"south": {"uv": [10, 14, 11, 15], "texture": "#side"},
				"west": {"uv": [10, 14, 11, 15], "texture": "#side"},
				"up": {"uv": [10, 14, 11, 15], "texture": "#side"},
				"down": {"uv": [10, 14, 11, 15], "texture": "#side"}
			}
		},
		{
			"from": [0.5, 9, 7],
			"to": [1, 10, 8],
			"faces": {
				"north": {"uv": [7, 6, 8, 7], "texture": "#side"},
				"south": {"uv": [7, 6, 8, 7], "texture": "#side"},
				"west": {"uv": [7, 6, 8, 7], "texture": "#side"},
				"up": {"uv": [7, 6, 8, 7], "texture": "#side"},
				"down": {"uv": [7, 6, 8, 7], "texture": "#side"}
			}
		},
		{
			"from": [0.5, 9, 0],
			"to": [1, 10, 1],
			"faces": {
				"north": {"uv": [0, 6, 1, 7], "texture": "#side", "cullface": "north"},
				"east": {"uv": [0, 6, 1, 7], "texture": "#side"},
				"south": {"uv": [0, 6, 1, 7], "texture": "#side"},
				"west": {"uv": [0, 6, 1, 7], "texture": "#side"},
				"up": {"uv": [0, 6, 1, 7], "texture": "#side"},
				"down": {"uv": [0, 6, 1, 7], "texture": "#side"}
			}
		},
		{
			"from": [0.5, 12, 10],
			"to": [1, 13, 11],
			"faces": {
				"north": {"uv": [10, 3, 11, 4], "texture": "#side"},
				"south": {"uv": [10, 3, 11, 4], "texture": "#side"},
				"west": {"uv": [10, 3, 11, 4], "texture": "#side"},
				"up": {"uv": [10, 3, 11, 4], "texture": "#side"},
				"down": {"uv": [10, 3, 11, 4], "texture": "#side"}
			}
		},
		{
			"from": [0.5, 14, 14],
			"to": [1, 15, 15],
			"faces": {
				"north": {"uv": [14, 1, 15, 2], "texture": "#side"},
				"south": {"uv": [14, 1, 15, 2], "texture": "#side"},
				"west": {"uv": [14, 1, 15, 2], "texture": "#side"},
				"up": {"uv": [14, 1, 15, 2], "texture": "#side"},
				"down": {"uv": [14, 1, 15, 2], "texture": "#side"}
			}
		},
		{
			"from": [0.5, 10, 14],
			"to": [1, 11, 15],
			"faces": {
				"north": {"uv": [14, 5, 15, 6], "texture": "#side"},
				"south": {"uv": [14, 5, 15, 6], "texture": "#side"},
				"west": {"uv": [14, 5, 15, 6], "texture": "#side"},
				"up": {"uv": [14, 5, 15, 6], "texture": "#side"},
				"down": {"uv": [14, 5, 15, 6], "texture": "#side"}
			}
		},
		{
			"from": [0.5, 5, 14],
			"to": [1, 6, 16],
			"faces": {
				"north": {"uv": [14, 10, 14.5, 11], "texture": "#side"},
				"east": {"uv": [14, 10, 16, 11], "rotation": 180, "texture": "#side"},
				"south": {"uv": [15, 10, 15.5, 11], "texture": "#side", "cullface": "south"},
				"west": {"uv": [14, 10, 16, 11], "texture": "#side"},
				"up": {"uv": [14, 10, 16, 11], "rotation": 90, "texture": "#side"},
				"down": {"uv": [14, 10, 16, 11], "rotation": 270, "texture": "#side"}
			}
		},
		{
			"from": [0.5, 14, 5],
			"to": [1, 15, 6],
			"faces": {
				"north": {"uv": [5, 1, 6, 2], "texture": "#side"},
				"south": {"uv": [5, 1, 6, 2], "texture": "#side"},
				"west": {"uv": [5, 1, 6, 2], "texture": "#side"},
				"up": {"uv": [5, 1, 6, 2], "texture": "#side"},
				"down": {"uv": [5, 1, 6, 2], "texture": "#side"}
			}
		},
		{
			"from": [2, 16, 6],
			"to": [3, 16.5, 7],
			"faces": {
				"north": {"uv": [2, 6, 3, 7], "texture": "#top", "cullface": "up"},
				"east": {"uv": [2, 6, 3, 7], "texture": "#top", "cullface": "up"},
				"south": {"uv": [2, 6, 3, 7], "texture": "#top", "cullface": "up"},
				"west": {"uv": [2, 6, 3, 7], "texture": "#top", "cullface": "up"},
				"up": {"uv": [2, 6, 3, 7], "texture": "#top", "cullface": "up"}
			}
		},
		{
			"from": [4, 16, 3],
			"to": [5, 16.5, 4],
			"faces": {
				"north": {"uv": [4, 3, 5, 4], "texture": "#top", "cullface": "up"},
				"east": {"uv": [4, 3, 5, 4], "texture": "#top", "cullface": "up"},
				"south": {"uv": [4, 3, 5, 4], "texture": "#top", "cullface": "up"},
				"west": {"uv": [4, 3, 5, 4], "texture": "#top", "cullface": "up"},
				"up": {"uv": [4, 3, 5, 4], "texture": "#top", "cullface": "up"}
			}
		},
		{
			"from": [7, 16, 4],
			"to": [8, 16.5, 5],
			"faces": {
				"north": {"uv": [7, 4, 8, 5], "texture": "#top", "cullface": "up"},
				"east": {"uv": [7, 4, 8, 5], "texture": "#top", "cullface": "up"},
				"south": {"uv": [7, 4, 8, 5], "texture": "#top", "cullface": "up"},
				"west": {"uv": [7, 4, 8, 5], "texture": "#top", "cullface": "up"},
				"up": {"uv": [7, 4, 8, 5], "texture": "#top", "cullface": "up"}
			}
		},
		{
			"from": [10, 16, 5],
			"to": [11, 16.5, 6],
			"faces": {
				"north": {"uv": [10, 5, 11, 6], "texture": "#top", "cullface": "up"},
				"east": {"uv": [10, 5, 11, 6], "texture": "#top", "cullface": "up"},
				"south": {"uv": [10, 5, 11, 6], "texture": "#top", "cullface": "up"},
				"west": {"uv": [10, 5, 11, 6], "texture": "#top", "cullface": "up"},
				"up": {"uv": [10, 5, 11, 6], "texture": "#top", "cullface": "up"}
			}
		},
		{
			"from": [8, 16, 1],
			"to": [9, 16.5, 2],
			"faces": {
				"north": {"uv": [8, 1, 9, 2], "texture": "#top", "cullface": "up"},
				"east": {"uv": [8, 1, 9, 2], "texture": "#top", "cullface": "up"},
				"south": {"uv": [8, 1, 9, 2], "texture": "#top", "cullface": "up"},
				"west": {"uv": [8, 1, 9, 2], "texture": "#top", "cullface": "up"},
				"up": {"uv": [8, 1, 9, 2], "texture": "#top", "cullface": "up"}
			}
		},
		{
			"from": [9, 16, 9],
			"to": [10, 16.5, 10],
			"faces": {
				"north": {"uv": [9, 9, 10, 10], "texture": "#top", "cullface": "up"},
				"east": {"uv": [9, 9, 10, 10], "texture": "#top", "cullface": "up"},
				"south": {"uv": [9, 9, 10, 10], "texture": "#top", "cullface": "up"},
				"west": {"uv": [9, 9, 10, 10], "texture": "#top", "cullface": "up"},
				"up": {"uv": [9, 9, 10, 10], "texture": "#top", "cullface": "up"}
			}
		},
		{
			"from": [5, 16, 8],
			"to": [6, 16.5, 9],
			"faces": {
				"north": {"uv": [5, 8, 6, 9], "texture": "#top", "cullface": "up"},
				"east": {"uv": [5, 8, 6, 9], "texture": "#top", "cullface": "up"},
				"south": {"uv": [5, 8, 6, 9], "texture": "#top", "cullface": "up"},
				"west": {"uv": [5, 8, 6, 9], "texture": "#top", "cullface": "up"},
				"up": {"uv": [5, 8, 6, 9], "texture": "#top", "cullface": "up"}
			}
		},
		{
			"from": [12, 16, 9],
			"to": [13, 16.5, 10],
			"faces": {
				"north": {"uv": [12, 9, 13, 10], "texture": "#top", "cullface": "up"},
				"east": {"uv": [12, 9, 13, 10], "texture": "#top", "cullface": "up"},
				"south": {"uv": [12, 9, 13, 10], "texture": "#top", "cullface": "up"},
				"west": {"uv": [12, 9, 13, 10], "texture": "#top", "cullface": "up"},
				"up": {"uv": [12, 9, 13, 10], "texture": "#top", "cullface": "up"}
			}
		},
		{
			"from": [12, 16, 12],
			"to": [13, 16.5, 13],
			"faces": {
				"north": {"uv": [12, 12, 13, 13], "texture": "#top", "cullface": "up"},
				"east": {"uv": [12, 12, 13, 13], "texture": "#top", "cullface": "up"},
				"south": {"uv": [12, 12, 13, 13], "texture": "#top", "cullface": "up"},
				"west": {"uv": [12, 12, 13, 13], "texture": "#top", "cullface": "up"},
				"up": {"uv": [12, 12, 13, 13], "texture": "#top", "cullface": "up"}
			}
		},
		{
			"from": [6, 16, 12],
			"to": [7, 16.5, 13],
			"faces": {
				"north": {"uv": [6, 12, 7, 13], "texture": "#top", "cullface": "up"},
				"east": {"uv": [6, 12, 7, 13], "texture": "#top", "cullface": "up"},
				"south": {"uv": [6, 12, 7, 13], "texture": "#top", "cullface": "up"},
				"west": {"uv": [6, 12, 7, 13], "texture": "#top", "cullface": "up"},
				"up": {"uv": [6, 12, 7, 13], "texture": "#top", "cullface": "up"}
			}
		},
		{
			"from": [14, 3, 0.5],
			"to": [16, 4, 1],
			"faces": {
				"north": {"uv": [0, 12, 2, 13], "texture": "#side"},
				"east": {"uv": [0, 12, 0.5, 13], "texture": "#side", "cullface": "east"},
				"south": {"uv": [0, 12, 2, 13], "texture": "#side"},
				"west": {"uv": [1, 12, 1.5, 13], "texture": "#side"},
				"up": {"uv": [0, 12, 2, 13], "rotation": 180, "texture": "#side"},
				"down": {"uv": [0, 12, 2, 13], "rotation": 180, "texture": "#side"}
			}
		},
		{
			"from": [14, 13, 0.5],
			"to": [16, 14, 1],
			"faces": {
				"north": {"uv": [0, 2, 2, 3], "texture": "#side"},
				"east": {"uv": [0, 2, 0.5, 3], "texture": "#side", "cullface": "east"},
				"south": {"uv": [0, 2, 2, 3], "texture": "#side"},
				"west": {"uv": [1, 2, 1.5, 3], "texture": "#side"},
				"up": {"uv": [0, 2, 2, 3], "rotation": 180, "texture": "#side"},
				"down": {"uv": [0, 2, 2, 3], "rotation": 180, "texture": "#side"}
			}
		},
		{
			"from": [10, 5, 0.5],
			"to": [11, 6, 1],
			"faces": {
				"north": {"uv": [5, 10, 6, 11], "texture": "#side"},
				"east": {"uv": [5, 10, 6, 11], "texture": "#side"},
				"west": {"uv": [5, 10, 6, 11], "texture": "#side"},
				"up": {"uv": [5, 10, 6, 11], "rotation": 90, "texture": "#side"},
				"down": {"uv": [5, 10, 6, 11], "rotation": 270, "texture": "#side"}
			}
		},
		{
			"from": [5, 1, 0.5],
			"to": [6, 2, 1],
			"faces": {
				"north": {"uv": [10, 14, 11, 15], "texture": "#side"},
				"east": {"uv": [10, 14, 11, 15], "texture": "#side"},
				"west": {"uv": [10, 14, 11, 15], "texture": "#side"},
				"up": {"uv": [10, 14, 11, 15], "rotation": 90, "texture": "#side"},
				"down": {"uv": [10, 14, 11, 15], "rotation": 270, "texture": "#side"}
			}
		},
		{
			"from": [8, 9, 0.5],
			"to": [9, 10, 1],
			"faces": {
				"north": {"uv": [7, 6, 8, 7], "texture": "#side"},
				"east": {"uv": [7, 6, 8, 7], "texture": "#side"},
				"west": {"uv": [7, 6, 8, 7], "texture": "#side"},
				"up": {"uv": [7, 6, 8, 7], "rotation": 90, "texture": "#side"},
				"down": {"uv": [7, 6, 8, 7], "rotation": 270, "texture": "#side"}
			}
		},
		{
			"from": [15, 9, 0.5],
			"to": [16, 10, 1],
			"faces": {
				"north": {"uv": [0, 6, 1, 7], "texture": "#side"},
				"east": {"uv": [0, 6, 1, 7], "texture": "#side", "cullface": "east"},
				"south": {"uv": [0, 6, 1, 7], "texture": "#side"},
				"west": {"uv": [0, 6, 1, 7], "texture": "#side"},
				"up": {"uv": [0, 6, 1, 7], "rotation": 90, "texture": "#side"},
				"down": {"uv": [0, 6, 1, 7], "rotation": 270, "texture": "#side"}
			}
		},
		{
			"from": [5, 12, 0.5],
			"to": [6, 13, 1],
			"faces": {
				"north": {"uv": [10, 3, 11, 4], "texture": "#side"},
				"east": {"uv": [10, 3, 11, 4], "texture": "#side"},
				"west": {"uv": [10, 3, 11, 4], "texture": "#side"},
				"up": {"uv": [10, 3, 11, 4], "rotation": 90, "texture": "#side"},
				"down": {"uv": [10, 3, 11, 4], "rotation": 270, "texture": "#side"}
			}
		},
		{
			"from": [1, 14, 0.5],
			"to": [2, 15, 1],
			"faces": {
				"north": {"uv": [14, 1, 15, 2], "texture": "#side"},
				"east": {"uv": [14, 1, 15, 2], "texture": "#side"},
				"west": {"uv": [14, 1, 15, 2], "texture": "#side"},
				"up": {"uv": [14, 1, 15, 2], "rotation": 90, "texture": "#side"},
				"down": {"uv": [14, 1, 15, 2], "rotation": 270, "texture": "#side"}
			}
		},
		{
			"from": [1, 10, 0.5],
			"to": [2, 11, 1],
			"faces": {
				"north": {"uv": [14, 5, 15, 6], "texture": "#side"},
				"east": {"uv": [14, 5, 15, 6], "texture": "#side"},
				"west": {"uv": [14, 5, 15, 6], "texture": "#side"},
				"up": {"uv": [14, 5, 15, 6], "rotation": 90, "texture": "#side"},
				"down": {"uv": [14, 5, 15, 6], "rotation": 270, "texture": "#side"}
			}
		},
		{
			"from": [0, 5, 0.5],
			"to": [2, 6, 1],
			"faces": {
				"north": {"uv": [14, 10, 16, 11], "texture": "#side"},
				"east": {"uv": [14, 10, 14.5, 11], "texture": "#side"},
				"south": {"uv": [14, 10, 16, 11], "rotation": 180, "texture": "#side"},
				"west": {"uv": [15, 10, 15.5, 11], "texture": "#side", "cullface": "west"},
				"up": {"uv": [14, 10, 16, 11], "rotation": 180, "texture": "#side"},
				"down": {"uv": [14, 10, 16, 11], "rotation": 180, "texture": "#side"}
			}
		},
		{
			"from": [10, 14, 0.5],
			"to": [11, 15, 1],
			"faces": {
				"north": {"uv": [5, 1, 6, 2], "texture": "#side"},
				"east": {"uv": [5, 1, 6, 2], "texture": "#side"},
				"west": {"uv": [5, 1, 6, 2], "texture": "#side"},
				"up": {"uv": [5, 1, 6, 2], "rotation": 90, "texture": "#side"},
				"down": {"uv": [5, 1, 6, 2], "rotation": 270, "texture": "#side"}
			}
		},
		{
			"from": [15, 3, 14],
			"to": [15.5, 4, 16],
			"faces": {
				"north": {"uv": [1, 12, 1.5, 13], "texture": "#side"},
				"east": {"uv": [0, 12, 2, 13], "texture": "#side"},
				"south": {"uv": [0, 12, 0.5, 13], "texture": "#side", "cullface": "south"},
				"west": {"uv": [0, 12, 2, 13], "texture": "#side"},
				"up": {"uv": [0, 12, 2, 13], "rotation": 270, "texture": "#side"},
				"down": {"uv": [0, 12, 2, 13], "rotation": 90, "texture": "#side"}
			}
		},
		{
			"from": [15, 13, 14],
			"to": [15.5, 14, 16],
			"faces": {
				"north": {"uv": [1, 2, 1.5, 3], "texture": "#side"},
				"east": {"uv": [0, 2, 2, 3], "texture": "#side"},
				"south": {"uv": [0, 2, 0.5, 3], "texture": "#side", "cullface": "south"},
				"west": {"uv": [0, 2, 2, 3], "texture": "#side"},
				"up": {"uv": [0, 2, 2, 3], "rotation": 270, "texture": "#side"},
				"down": {"uv": [0, 2, 2, 3], "rotation": 90, "texture": "#side"}
			}
		},
		{
			"from": [15, 5, 10],
			"to": [15.5, 6, 11],
			"faces": {
				"north": {"uv": [5, 10, 6, 11], "texture": "#side"},
				"east": {"uv": [5, 10, 6, 11], "texture": "#side"},
				"south": {"uv": [5, 10, 6, 11], "texture": "#side"},
				"up": {"uv": [5, 10, 6, 11], "rotation": 180, "texture": "#side"},
				"down": {"uv": [5, 10, 6, 11], "rotation": 180, "texture": "#side"}
			}
		},
		{
			"from": [15, 1, 5],
			"to": [15.5, 2, 6],
			"faces": {
				"north": {"uv": [10, 14, 11, 15], "texture": "#side"},
				"east": {"uv": [10, 14, 11, 15], "texture": "#side"},
				"south": {"uv": [10, 14, 11, 15], "texture": "#side"},
				"up": {"uv": [10, 14, 11, 15], "rotation": 180, "texture": "#side"},
				"down": {"uv": [10, 14, 11, 15], "rotation": 180, "texture": "#side"}
			}
		},
		{
			"from": [15, 9, 8],
			"to": [15.5, 10, 9],
			"faces": {
				"north": {"uv": [7, 6, 8, 7], "texture": "#side"},
				"east": {"uv": [7, 6, 8, 7], "texture": "#side"},
				"south": {"uv": [7, 6, 8, 7], "texture": "#side"},
				"up": {"uv": [7, 6, 8, 7], "rotation": 180, "texture": "#side"},
				"down": {"uv": [7, 6, 8, 7], "rotation": 180, "texture": "#side"}
			}
		},
		{
			"from": [15, 9, 15],
			"to": [15.5, 10, 16],
			"faces": {
				"north": {"uv": [0, 6, 1, 7], "texture": "#side"},
				"east": {"uv": [0, 6, 1, 7], "texture": "#side"},
				"south": {"uv": [0, 6, 1, 7], "texture": "#side", "cullface": "south"},
				"west": {"uv": [0, 6, 1, 7], "texture": "#side"},
				"up": {"uv": [0, 6, 1, 7], "rotation": 180, "texture": "#side"},
				"down": {"uv": [0, 6, 1, 7], "rotation": 180, "texture": "#side"}
			}
		},
		{
			"from": [15, 12, 5],
			"to": [15.5, 13, 6],
			"faces": {
				"north": {"uv": [10, 3, 11, 4], "texture": "#side"},
				"east": {"uv": [10, 3, 11, 4], "texture": "#side"},
				"south": {"uv": [10, 3, 11, 4], "texture": "#side"},
				"up": {"uv": [10, 3, 11, 4], "rotation": 180, "texture": "#side"},
				"down": {"uv": [10, 3, 11, 4], "rotation": 180, "texture": "#side"}
			}
		},
		{
			"from": [15, 14, 1],
			"to": [15.5, 15, 2],
			"faces": {
				"north": {"uv": [14, 1, 15, 2], "texture": "#side"},
				"east": {"uv": [14, 1, 15, 2], "texture": "#side"},
				"south": {"uv": [14, 1, 15, 2], "texture": "#side"},
				"up": {"uv": [14, 1, 15, 2], "rotation": 180, "texture": "#side"},
				"down": {"uv": [14, 1, 15, 2], "rotation": 180, "texture": "#side"}
			}
		},
		{
			"from": [15, 10, 1],
			"to": [15.5, 11, 2],
			"faces": {
				"north": {"uv": [14, 5, 15, 6], "texture": "#side"},
				"east": {"uv": [14, 5, 15, 6], "texture": "#side"},
				"south": {"uv": [14, 5, 15, 6], "texture": "#side"},
				"up": {"uv": [14, 5, 15, 6], "rotation": 180, "texture": "#side"},
				"down": {"uv": [14, 5, 15, 6], "rotation": 180, "texture": "#side"}
			}
		},
		{
			"from": [15, 5, 0],
			"to": [15.5, 6, 2],
			"faces": {
				"north": {"uv": [15, 10, 15.5, 11], "texture": "#side", "cullface": "north"},
				"east": {"uv": [14, 10, 16, 11], "texture": "#side"},
				"south": {"uv": [14, 10, 14.5, 11], "texture": "#side"},
				"west": {"uv": [14, 10, 16, 11], "rotation": 180, "texture": "#side"},
				"up": {"uv": [14, 10, 16, 11], "rotation": 270, "texture": "#side"},
				"down": {"uv": [14, 10, 16, 11], "rotation": 90, "texture": "#side"}
			}
		},
		{
			"from": [15, 14, 10],
			"to": [15.5, 15, 11],
			"faces": {
				"north": {"uv": [5, 1, 6, 2], "texture": "#side"},
				"east": {"uv": [5, 1, 6, 2], "texture": "#side"},
				"south": {"uv": [5, 1, 6, 2], "texture": "#side"},
				"up": {"uv": [5, 1, 6, 2], "rotation": 180, "texture": "#side"},
				"down": {"uv": [5, 1, 6, 2], "rotation": 180, "texture": "#side"}
			}
		},
		{
			"from": [0, 3, 15],
			"to": [2, 4, 15.5],
			"faces": {
				"north": {"uv": [0, 12, 2, 13], "texture": "#side"},
				"east": {"uv": [1, 12, 1.5, 13], "texture": "#side"},
				"south": {"uv": [0, 12, 2, 13], "texture": "#side"},
				"west": {"uv": [0, 12, 0.5, 13], "texture": "#side", "cullface": "west"},
				"up": {"uv": [0, 12, 2, 13], "texture": "#side"},
				"down": {"uv": [0, 12, 2, 13], "texture": "#side"}
			}
		},
		{
			"from": [0, 13, 15],
			"to": [2, 14, 15.5],
			"faces": {
				"north": {"uv": [0, 2, 2, 3], "texture": "#side"},
				"east": {"uv": [1, 2, 1.5, 3], "texture": "#side"},
				"south": {"uv": [0, 2, 2, 3], "texture": "#side"},
				"west": {"uv": [0, 2, 0.5, 3], "texture": "#side", "cullface": "west"},
				"up": {"uv": [0, 2, 2, 3], "texture": "#side"},
				"down": {"uv": [0, 2, 2, 3], "texture": "#side"}
			}
		},
		{
			"from": [5, 5, 15],
			"to": [6, 6, 15.5],
			"faces": {
				"east": {"uv": [5, 10, 6, 11], "texture": "#side"},
				"south": {"uv": [5, 10, 6, 11], "texture": "#side"},
				"west": {"uv": [5, 10, 6, 11], "texture": "#side"},
				"up": {"uv": [5, 10, 6, 11], "rotation": 270, "texture": "#side"},
				"down": {"uv": [5, 10, 6, 11], "rotation": 90, "texture": "#side"}
			}
		},
		{
			"from": [10, 1, 15],
			"to": [11, 2, 15.5],
			"faces": {
				"east": {"uv": [10, 14, 11, 15], "texture": "#side"},
				"south": {"uv": [10, 14, 11, 15], "texture": "#side"},
				"west": {"uv": [10, 14, 11, 15], "texture": "#side"},
				"up": {"uv": [10, 14, 11, 15], "rotation": 270, "texture": "#side"},
				"down": {"uv": [10, 14, 11, 15], "rotation": 90, "texture": "#side"}
			}
		},
		{
			"from": [7, 9, 15],
			"to": [8, 10, 15.5],
			"faces": {
				"east": {"uv": [7, 6, 8, 7], "texture": "#side"},
				"south": {"uv": [7, 6, 8, 7], "texture": "#side"},
				"west": {"uv": [7, 6, 8, 7], "texture": "#side"},
				"up": {"uv": [7, 6, 8, 7], "rotation": 270, "texture": "#side"},
				"down": {"uv": [7, 6, 8, 7], "rotation": 90, "texture": "#side"}
			}
		},
		{
			"from": [0, 9, 15],
			"to": [1, 10, 15.5],
			"faces": {
				"north": {"uv": [0, 6, 1, 7], "texture": "#side"},
				"east": {"uv": [0, 6, 1, 7], "texture": "#side"},
				"south": {"uv": [0, 6, 1, 7], "texture": "#side"},
				"west": {"uv": [0, 6, 1, 7], "texture": "#side", "cullface": "west"},
				"up": {"uv": [0, 6, 1, 7], "rotation": 270, "texture": "#side"},
				"down": {"uv": [0, 6, 1, 7], "rotation": 90, "texture": "#side"}
			}
		},
		{
			"from": [10, 12, 15],
			"to": [11, 13, 15.5],
			"faces": {
				"east": {"uv": [10, 3, 11, 4], "texture": "#side"},
				"south": {"uv": [10, 3, 11, 4], "texture": "#side"},
				"west": {"uv": [10, 3, 11, 4], "texture": "#side"},
				"up": {"uv": [10, 3, 11, 4], "rotation": 270, "texture": "#side"},
				"down": {"uv": [10, 3, 11, 4], "rotation": 90, "texture": "#side"}
			}
		},
		{
			"from": [14, 14, 15],
			"to": [15, 15, 15.5],
			"faces": {
				"east": {"uv": [14, 1, 15, 2], "texture": "#side"},
				"south": {"uv": [14, 1, 15, 2], "texture": "#side"},
				"west": {"uv": [14, 1, 15, 2], "texture": "#side"},
				"up": {"uv": [14, 1, 15, 2], "rotation": 270, "texture": "#side"},
				"down": {"uv": [14, 1, 15, 2], "rotation": 90, "texture": "#side"}
			}
		},
		{
			"from": [14, 10, 15],
			"to": [15, 11, 15.5],
			"faces": {
				"east": {"uv": [14, 5, 15, 6], "texture": "#side"},
				"south": {"uv": [14, 5, 15, 6], "texture": "#side"},
				"west": {"uv": [14, 5, 15, 6], "texture": "#side"},
				"up": {"uv": [14, 5, 15, 6], "rotation": 270, "texture": "#side"},
				"down": {"uv": [14, 5, 15, 6], "rotation": 90, "texture": "#side"}
			}
		},
		{
			"from": [14, 5, 15],
			"to": [16, 6, 15.5],
			"faces": {
				"north": {"uv": [14, 10, 16, 11], "rotation": 180, "texture": "#side"},
				"east": {"uv": [15, 10, 15.5, 11], "texture": "#side", "cullface": "east"},
				"south": {"uv": [14, 10, 16, 11], "texture": "#side"},
				"west": {"uv": [14, 10, 14.5, 11], "texture": "#side"},
				"up": {"uv": [14, 10, 16, 11], "texture": "#side"},
				"down": {"uv": [14, 10, 16, 11], "texture": "#side"}
			}
		},
		{
			"from": [5, 14, 15],
			"to": [6, 15, 15.5],
			"faces": {
				"east": {"uv": [5, 1, 6, 2], "texture": "#side"},
				"south": {"uv": [5, 1, 6, 2], "texture": "#side"},
				"west": {"uv": [5, 1, 6, 2], "texture": "#side"},
				"up": {"uv": [5, 1, 6, 2], "rotation": 270, "texture": "#side"},
				"down": {"uv": [5, 1, 6, 2], "rotation": 90, "texture": "#side"}
			}
		}
	],
	"groups": [0,
		{
			"name": "spikes",
			"origin": [8, 8, 8],
			"color": 0,
			"children": [1, 2, 3, 4, 5, 6, 7, 8, 9, 10, 11, 12, 13, 14, 15, 16, 17, 18, 19, 20, 21]
		},
		{
			"name": "spikes",
			"origin": [8, 8, 8],
			"color": 0,
			"children": [22, 23, 24, 25, 26, 27, 28, 29, 30, 31, 32]
		},
		{
			"name": "spikes",
			"origin": [8, 8, 8],
			"color": 0,
			"children": [33, 34, 35, 36, 37, 38, 39, 40, 41, 42, 43]
		},
		{
			"name": "spikes",
			"origin": [8, 8, 8],
			"color": 0,
			"children": [44, 45, 46, 47, 48, 49, 50, 51, 52, 53, 54]
		}
	]
}