{
	"credit": "Made with Blockbench",
	"ambientocclusion": false,
	"textures": {
		"1": "block/crimson_fungus_net",
		"3": "block/crimson_fungus_net_e",
		"particle": "block/crimson_fungus",
		"missing": "block/missing"
	},
	"elements": [
		{
			"from": [7, 0, 7],
			"to": [9, 9, 9],
			"faces": {
				"north": {"uv": [0, 7, 2, 16], "texture": "#1"},
				"east": {"uv": [0, 7, 2, 16], "texture": "#1"},
				"south": {"uv": [0, 7, 2, 16], "texture": "#1"},
				"west": {"uv": [0, 7, 2, 16], "texture": "#1"},
				"up": {"uv": [0, 7, 2, 9], "texture": "#missing"},
				"down": {"uv": [0, 14, 2, 16], "texture": "#1"}
			}
		},
		{
			"from": [7, 0, 7],
			"to": [9, 9, 9],
			"faces": {
				"north": {"uv": [0, 7, 2, 16], "texture": "#3"},
				"east": {"uv": [0, 7, 2, 16], "texture": "#3"},
				"south": {"uv": [0, 7, 2, 16], "texture": "#3"},
				"west": {"uv": [0, 7, 2, 16], "texture": "#3"},
				"up": {"uv": [0, 0, 0, 0], "texture": "#missing"},
				"down": {"uv": [0, 14, 2, 16], "texture": "#3"}
			}
		},
		{
			"from": [6, 11, 6],
			"to": [10, 12, 10],
			"rotation": {"angle": 0, "axis": "y", "origin": [14, 19, 15]},
			"faces": {
				"north": {"uv": [6, 4, 10, 5], "texture": "#1"},
				"east": {"uv": [6, 4, 10, 5], "texture": "#1"},
				"south": {"uv": [6, 4, 10, 5], "texture": "#1"},
				"west": {"uv": [6, 4, 10, 5], "texture": "#1"},
				"up": {"uv": [0, 0, 4, 4], "texture": "#1"},
				"down": {"uv": [5, 7, 9, 11], "texture": "#1"}
			}
		},
		{
			"from": [10, 8, 6],
			"to": [11, 11, 10],
			"rotation": {"angle": 0, "axis": "y", "origin": [18, 18, 14]},
			"faces": {
				"north": {"uv": [5, 5, 6, 8], "texture": "#1"},
				"east": {"uv": [6, 5, 10, 8], "texture": "#1"},
				"south": {"uv": [10, 5, 11, 8], "texture": "#1"},
				"west": {"uv": [6, 8, 10, 11], "texture": "#1"},
				"up": {"uv": [6, 5, 10, 6], "rotation": 270, "texture": "#1"},
				"down": {"uv": [0, 0, 1, 4], "texture": "#missing"}
			}
		},
		{
			"from": [5, 8, 6],
			"to": [6, 11, 10],
			"rotation": {"angle": 0, "axis": "y", "origin": [14, 18, -2]},
			"faces": {
				"north": {"uv": [10, 5, 11, 8], "texture": "#1"},
				"east": {"uv": [6, 8, 10, 11], "texture": "#1"},
				"south": {"uv": [5, 5, 6, 8], "texture": "#1"},
				"west": {"uv": [6, 5, 10, 8], "texture": "#1"},
				"up": {"uv": [6, 5, 10, 6], "rotation": 90, "texture": "#1"},
				"down": {"uv": [0, 0, 1, 4], "rotation": 180, "texture": "#missing"}
			}
		},
		{
			"from": [6, 8, 10],
			"to": [10, 11, 11],
			"rotation": {"angle": 0, "axis": "y", "origin": [2, 18, 18]},
			"faces": {
				"north": {"uv": [6, 8, 10, 11], "texture": "#1"},
				"east": {"uv": [5, 5, 6, 8], "texture": "#1"},
				"south": {"uv": [6, 5, 10, 8], "texture": "#1"},
				"west": {"uv": [10, 5, 11, 8], "texture": "#1"},
				"up": {"uv": [6, 5, 10, 6], "texture": "#1"},
				"down": {"uv": [0, 0, 1, 4], "rotation": 270, "texture": "#missing"}
			}
		},
		{
			"from": [6, 8, 5],
			"to": [10, 11, 6],
			"rotation": {"angle": 0, "axis": "y", "origin": [14, 18, -2]},
			"faces": {
				"north": {"uv": [6, 5, 10, 8], "texture": "#1"},
				"east": {"uv": [10, 5, 11, 8], "texture": "#1"},
				"south": {"uv": [6, 8, 10, 11], "texture": "#1"},
				"west": {"uv": [5, 5, 6, 8], "texture": "#1"},
				"up": {"uv": [6, 5, 10, 6], "rotation": 180, "texture": "#1"},
				"down": {"uv": [0, 0, 1, 4], "rotation": 90, "texture": "#missing"}
			}
		},
		{
			"from": [6, 8, 5],
			"to": [10, 11, 6],
			"rotation": {"angle": 0, "axis": "y", "origin": [14, 18, -2]},
			"faces": {
				"north": {"uv": [6, 5, 10, 8], "texture": "#3"},
				"east": {"uv": [10, 5, 11, 8], "texture": "#3"},
				"south": {"uv": [6, 8, 10, 11], "texture": "#3"},
				"west": {"uv": [5, 5, 6, 8], "texture": "#3"},
				"up": {"uv": [6, 5, 10, 6], "rotation": 180, "texture": "#3"},
				"down": {"uv": [0, 0, 1, 4], "rotation": 90, "texture": "#missing"}
			}
		},
		{
			"from": [10, 8, 6],
			"to": [11, 11, 10],
			"rotation": {"angle": 0, "axis": "y", "origin": [18, 18, 14]},
			"faces": {
				"north": {"uv": [5, 5, 6, 8], "texture": "#3"},
				"east": {"uv": [6, 5, 10, 8], "texture": "#3"},
				"south": {"uv": [10, 5, 11, 8], "texture": "#3"},
				"west": {"uv": [6, 8, 10, 11], "texture": "#3"},
				"up": {"uv": [6, 5, 10, 6], "rotation": 270, "texture": "#3"},
				"down": {"uv": [0, 0, 1, 4], "texture": "#missing"}
			}
		},
		{
			"from": [6, 8, 10],
			"to": [10, 11, 11],
			"rotation": {"angle": 0, "axis": "y", "origin": [2, 18, 18]},
			"faces": {
				"north": {"uv": [6, 8, 10, 11], "texture": "#3"},
				"east": {"uv": [5, 5, 6, 8], "texture": "#3"},
				"south": {"uv": [6, 5, 10, 8], "texture": "#3"},
				"west": {"uv": [10, 5, 11, 8], "texture": "#3"},
				"up": {"uv": [6, 5, 10, 6], "texture": "#3"},
				"down": {"uv": [0, 0, 1, 4], "rotation": 270, "texture": "#missing"}
			}
		},
		{
			"from": [4.9999, 8.0002, 6.0001],
			"to": [5.9999, 11.0002, 10.0001],
			"rotation": {"angle": 0, "axis": "y", "origin": [-1, 18, 2]},
			"faces": {
				"north": {"uv": [10, 5, 11, 8], "texture": "#3"},
				"east": {"uv": [6, 8, 10, 11], "texture": "#3"},
				"south": {"uv": [5, 5, 6, 8], "texture": "#3"},
				"west": {"uv": [6, 5, 10, 8], "texture": "#3"},
				"up": {"uv": [6, 5, 10, 6], "rotation": 90, "texture": "#3"},
				"down": {"uv": [0, 0, 1, 4], "rotation": 180, "texture": "#missing"}
			}
		},
		{
			"from": [11, 7, 6],
			"to": [13, 8, 10],
			"rotation": {"angle": 0, "axis": "y", "origin": [19, 15, 10]},
			"faces": {
				"north": {"uv": [3, 8, 5, 9], "texture": "#1"},
				"east": {"uv": [6, 8, 10, 9], "texture": "#1"},
				"south": {"uv": [11, 8, 13, 9], "texture": "#1"},
				"west": {"uv": [0, 0, 4, 1], "texture": "#missing"},
				"up": {"uv": [6, 8, 10, 10], "rotation": 270, "texture": "#1"},
				"down": {"uv": [0, 0, 2, 4], "texture": "#missing"}
			}
		},
		{
			"from": [3, 7, 6],
			"to": [5, 8, 10],
			"rotation": {"angle": 0, "axis": "y", "origin": [14, 18, -2]},
			"faces": {
				"north": {"uv": [11, 8, 13, 9], "texture": "#1"},
				"east": {"uv": [0, 0, 4, 1], "texture": "#missing"},
				"south": {"uv": [3, 8, 5, 9], "texture": "#1"},
				"west": {"uv": [6, 8, 10, 9], "texture": "#1"},
				"up": {"uv": [6, 8, 10, 10], "rotation": 90, "texture": "#1"},
				"down": {"uv": [0, 0, 2, 4], "rotation": 180, "texture": "#missing"}
			}
		},
		{
			"from": [6, 7, 11],
			"to": [10, 8, 13],
			"rotation": {"angle": 0, "axis": "y", "origin": [2, 18, 18]},
			"faces": {
				"north": {"uv": [0, 0, 4, 1], "texture": "#missing"},
				"east": {"uv": [3, 8, 5, 9], "texture": "#1"},
				"south": {"uv": [6, 8, 10, 9], "texture": "#1"},
				"west": {"uv": [11, 8, 13, 9], "texture": "#1"},
				"up": {"uv": [6, 8, 10, 10], "texture": "#1"},
				"down": {"uv": [0, 0, 2, 4], "rotation": 270, "texture": "#missing"}
			}
		},
		{
			"from": [6, 7, 3],
			"to": [10, 8, 5],
			"rotation": {"angle": 0, "axis": "y", "origin": [14, 18, -2]},
			"faces": {
				"north": {"uv": [6, 8, 10, 9], "texture": "#1"},
				"east": {"uv": [11, 8, 13, 9], "texture": "#1"},
				"south": {"uv": [0, 0, 4, 1], "texture": "#missing"},
				"west": {"uv": [3, 8, 5, 9], "texture": "#1"},
				"up": {"uv": [6, 8, 10, 10], "rotation": 180, "texture": "#1"},
				"down": {"uv": [0, 0, 2, 4], "rotation": 90, "texture": "#missing"}
			}
		},
		{
			"from": [12, 6, 6],
			"to": [13, 7, 10],
			"rotation": {"angle": 0, "axis": "y", "origin": [20, 14, 17]},
			"faces": {
				"north": {"uv": [3, 9, 4, 10], "texture": "#1"},
				"east": {"uv": [6, 9, 10, 10], "texture": "#1"},
				"south": {"uv": [12, 9, 13, 10], "texture": "#1"},
				"west": {"uv": [0, 0, 4, 1], "texture": "#missing"},
				"up": {"uv": [0, 0, 1, 4], "texture": "#missing"},
				"down": {"uv": [6, 9, 10, 10], "rotation": 90, "texture": "#1"}
			}
		},
		{
			"from": [3, 6, 6],
			"to": [4, 7, 10],
			"rotation": {"angle": 0, "axis": "y", "origin": [14, 18, -2]},
			"faces": {
				"north": {"uv": [12, 9, 13, 10], "texture": "#1"},
				"east": {"uv": [0, 0, 4, 1], "texture": "#missing"},
				"south": {"uv": [3, 9, 4, 10], "texture": "#1"},
				"west": {"uv": [6, 9, 10, 10], "texture": "#1"},
				"up": {"uv": [0, 0, 1, 4], "rotation": 180, "texture": "#missing"},
				"down": {"uv": [6, 9, 10, 10], "rotation": 270, "texture": "#1"}
			}
		},
		{
			"from": [6, 6, 12],
			"to": [10, 7, 13],
			"rotation": {"angle": 0, "axis": "y", "origin": [2, 18, 18]},
			"faces": {
				"north": {"uv": [0, 0, 4, 1], "texture": "#missing"},
				"east": {"uv": [3, 9, 4, 10], "texture": "#1"},
				"south": {"uv": [6, 9, 10, 10], "texture": "#1"},
				"west": {"uv": [12, 9, 13, 10], "texture": "#1"},
				"up": {"uv": [0, 0, 1, 4], "rotation": 90, "texture": "#missing"},
				"down": {"uv": [6, 9, 10, 10], "texture": "#1"}
			}
		},
		{
			"from": [6, 6, 3],
			"to": [10, 7, 4],
			"rotation": {"angle": 0, "axis": "y", "origin": [14, 18, -2]},
			"faces": {
				"north": {"uv": [6, 9, 10, 10], "texture": "#1"},
				"east": {"uv": [12, 9, 13, 10], "texture": "#1"},
				"south": {"uv": [0, 0, 4, 1], "texture": "#missing"},
				"west": {"uv": [3, 9, 4, 10], "texture": "#1"},
				"up": {"uv": [0, 0, 1, 4], "rotation": 270, "texture": "#missing"},
				"down": {"uv": [6, 9, 10, 10], "rotation": 180, "texture": "#1"}
			}
		},
		{
			"from": [10, 5, 6],
			"to": [12, 6, 10],
			"rotation": {"angle": 0, "axis": "y", "origin": [19, 13, 14]},
			"faces": {
				"north": {"uv": [4, 10, 6, 11], "texture": "#1"},
				"east": {"uv": [6, 10, 10, 11], "texture": "#1"},
				"south": {"uv": [10, 10, 12, 11], "texture": "#1"},
				"west": {"uv": [6, 10, 10, 11], "texture": "#1"},
				"up": {"uv": [0, 0, 2, 4], "texture": "#missing"},
				"down": {"uv": [6, 8, 10, 10], "texture": "#1"}
			}
		},
		{
			"from": [4, 5, 6],
			"to": [6, 6, 10],
			"rotation": {"angle": 0, "axis": "y", "origin": [14, 18, -2]},
			"faces": {
				"north": {"uv": [10, 10, 12, 11], "texture": "#1"},
				"east": {"uv": [6, 10, 10, 11], "texture": "#1"},
				"south": {"uv": [4, 10, 6, 11], "texture": "#1"},
				"west": {"uv": [6, 10, 10, 11], "texture": "#1"},
				"up": {"uv": [0, 0, 2, 4], "rotation": 180, "texture": "#missing"},
				"down": {"uv": [6, 8, 10, 10], "texture": "#1"}
			}
		},
		{
			"from": [5, 6, 6],
			"to": [6, 8, 10],
			"rotation": {"angle": 0, "axis": "y", "origin": [14, 19, -2]},
			"faces": {
				"north": {"uv": [10, 10, 12, 11], "texture": "#1"},
				"east": {"uv": [6, 8, 10, 10], "texture": "#1"},
				"south": {"uv": [4, 10, 6, 11], "texture": "#1"},
				"west": {"uv": [6, 10, 10, 11], "texture": "#1"},
				"up": {"uv": [0, 0, 2, 4], "rotation": 180, "texture": "#missing"},
				"down": {"uv": [6, 8, 10, 10], "texture": "#1"}
			}
		},
		{
			"from": [10, 6, 6],
			"to": [11, 8, 10],
			"rotation": {"angle": 0, "axis": "y", "origin": [19, 19, -2]},
			"faces": {
				"north": {"uv": [10, 10, 12, 11], "texture": "#1"},
				"east": {"uv": [0, 0, 4, 1], "texture": "#missing"},
				"south": {"uv": [4, 10, 6, 11], "texture": "#1"},
				"west": {"uv": [6, 10, 10, 11], "texture": "#1"},
				"up": {"uv": [0, 0, 2, 4], "rotation": 180, "texture": "#missing"},
				"down": {"uv": [6, 8, 10, 10], "texture": "#1"}
			}
		},
		{
			"from": [6, 5, 10],
			"to": [10, 6, 12],
			"rotation": {"angle": 0, "axis": "y", "origin": [2, 18, 18]},
			"faces": {
				"north": {"uv": [6, 10, 10, 11], "texture": "#1"},
				"east": {"uv": [4, 10, 6, 11], "texture": "#1"},
				"south": {"uv": [6, 10, 10, 11], "texture": "#1"},
				"west": {"uv": [10, 10, 12, 11], "texture": "#1"},
				"up": {"uv": [0, 0, 2, 4], "rotation": 90, "texture": "#missing"},
				"down": {"uv": [6, 8, 10, 10], "texture": "#1"}
			}
		},
		{
			"from": [6, 5, 4],
			"to": [10, 6, 6],
			"rotation": {"angle": 0, "axis": "y", "origin": [14, 18, -2]},
			"faces": {
				"north": {"uv": [6, 10, 10, 11], "texture": "#1"},
				"east": {"uv": [10, 10, 12, 11], "texture": "#1"},
				"south": {"uv": [6, 10, 10, 11], "texture": "#1"},
				"west": {"uv": [4, 10, 6, 11], "texture": "#1"},
				"up": {"uv": [0, 0, 2, 4], "rotation": 270, "texture": "#missing"},
				"down": {"uv": [6, 8, 10, 10], "texture": "#1"}
			}
		},
		{
			"from": [6, 6, 5],
			"to": [10, 8, 6],
			"rotation": {"angle": 0, "axis": "y", "origin": [14, 19, -2]},
			"faces": {
				"north": {"uv": [6, 10, 10, 11], "texture": "#1"},
				"east": {"uv": [10, 10, 12, 11], "texture": "#1"},
				"south": {"uv": [6, 8, 10, 10], "texture": "#1"},
				"west": {"uv": [4, 10, 6, 11], "texture": "#1"},
				"up": {"uv": [0, 0, 2, 4], "rotation": 270, "texture": "#missing"},
				"down": {"uv": [6, 8, 10, 10], "texture": "#1"}
			}
		},
		{
			"from": [6, 6, 10],
			"to": [10, 8, 11],
			"rotation": {"angle": 0, "axis": "y", "origin": [14, 19, 3]},
			"faces": {
				"north": {"uv": [6, 10, 10, 11], "texture": "#1"},
				"east": {"uv": [10, 10, 12, 11], "texture": "#1"},
				"south": {"uv": [0, 0, 4, 1], "texture": "#missing"},
				"west": {"uv": [4, 10, 6, 11], "texture": "#1"},
				"up": {"uv": [0, 0, 2, 4], "rotation": 270, "texture": "#missing"},
				"down": {"uv": [6, 8, 10, 10], "texture": "#1"}
			}
		},
		{
			"from": [10, 6, 4],
			"to": [12, 7, 6],
			"rotation": {"angle": 0, "axis": "y", "origin": [19, 14, 13]},
			"faces": {
				"north": {"uv": [4, 9, 6, 10], "texture": "#1"},
				"east": {"uv": [10, 9, 12, 10], "texture": "#1"},
				"south": {"uv": [0, 0, 2, 1], "texture": "#missing"},
				"west": {"uv": [0, 0, 2, 1], "texture": "#missing"},
				"up": {"uv": [3, 8, 5, 10], "rotation": 180, "texture": "#1"},
				"down": {"uv": [3, 8, 5, 10], "rotation": 180, "texture": "#1"}
			}
		},
		{
			"from": [4, 6, 4],
			"to": [6, 7, 6],
			"rotation": {"angle": 0, "axis": "y", "origin": [13, 14, -3]},
			"faces": {
				"north": {"uv": [10, 9, 12, 10], "texture": "#1"},
				"east": {"uv": [0, 0, 2, 1], "texture": "#missing"},
				"south": {"uv": [0, 0, 2, 1], "texture": "#missing"},
				"west": {"uv": [4, 9, 6, 10], "texture": "#1"},
				"up": {"uv": [3, 8, 5, 10], "rotation": 180, "texture": "#1"},
				"down": {"uv": [3, 8, 5, 10], "rotation": 180, "texture": "#1"}
			}
		},
		{
			"from": [4, 6, 10],
			"to": [6, 7, 12],
			"rotation": {"angle": 0, "axis": "y", "origin": [-3, 14, 3]},
			"faces": {
				"north": {"uv": [0, 0, 2, 1], "texture": "#missing"},
				"east": {"uv": [0, 0, 2, 1], "texture": "#missing"},
				"south": {"uv": [4, 9, 6, 10], "texture": "#1"},
				"west": {"uv": [10, 9, 12, 10], "texture": "#1"},
				"up": {"uv": [3, 8, 5, 10], "rotation": 180, "texture": "#1"},
				"down": {"uv": [3, 8, 5, 10], "rotation": 180, "texture": "#1"}
			}
		},
		{
			"from": [10, 6, 10],
			"to": [12, 7, 12],
			"rotation": {"angle": 0, "axis": "y", "origin": [3, 14, 19]},
			"faces": {
				"north": {"uv": [0, 0, 2, 1], "texture": "#missing"},
				"east": {"uv": [4, 9, 6, 10], "texture": "#1"},
				"south": {"uv": [10, 9, 12, 10], "texture": "#1"},
				"west": {"uv": [0, 0, 2, 1], "texture": "#missing"},
				"up": {"uv": [3, 8, 5, 10], "rotation": 180, "texture": "#1"},
				"down": {"uv": [3, 8, 5, 10], "rotation": 180, "texture": "#1"}
			}
		},
		{
			"from": [10, 7, 5],
			"to": [11, 8, 6],
			"rotation": {"angle": 0, "axis": "y", "origin": [18, 15, 13]},
			"faces": {
				"north": {"uv": [5, 8, 6, 9], "texture": "#1"},
				"east": {"uv": [10, 8, 11, 9], "texture": "#1"},
				"south": {"uv": [0, 0, 1, 1], "texture": "#missing"},
				"west": {"uv": [0, 0, 1, 1], "texture": "#missing"},
				"up": {"uv": [3, 8, 4, 9], "rotation": 180, "texture": "#1"},
				"down": {"uv": [0, 0, 1, 1], "texture": "#missing"}
			}
		},
		{
			"from": [5, 7, 5],
			"to": [6, 8, 6],
			"rotation": {"angle": 0, "axis": "y", "origin": [13, 14, -3]},
			"faces": {
				"north": {"uv": [10, 8, 11, 9], "texture": "#1"},
				"east": {"uv": [0, 0, 1, 1], "texture": "#missing"},
				"south": {"uv": [0, 0, 1, 1], "texture": "#missing"},
				"west": {"uv": [4, 8, 5, 9], "texture": "#1"},
				"up": {"uv": [3, 8, 4, 9], "rotation": 180, "texture": "#1"},
				"down": {"uv": [0, 0, 1, 1], "rotation": 90, "texture": "#missing"}
			}
		},
		{
			"from": [5, 7, 10],
			"to": [6, 8, 11],
			"rotation": {"angle": 0, "axis": "y", "origin": [-3, 14, 3]},
			"faces": {
				"north": {"uv": [0, 0, 1, 1], "texture": "#missing"},
				"east": {"uv": [0, 0, 1, 1], "texture": "#missing"},
				"south": {"uv": [5, 8, 6, 9], "texture": "#1"},
				"west": {"uv": [10, 8, 11, 9], "texture": "#1"},
				"up": {"uv": [3, 8, 4, 9], "rotation": 180, "texture": "#1"},
				"down": {"uv": [0, 0, 1, 1], "rotation": 180, "texture": "#missing"}
			}
		},
		{
			"from": [10, 7, 10],
			"to": [11, 8, 11],
			"rotation": {"angle": 0, "axis": "y", "origin": [3, 14, 19]},
			"faces": {
				"north": {"uv": [0, 0, 1, 1], "texture": "#missing"},
				"east": {"uv": [5, 8, 6, 9], "texture": "#1"},
				"south": {"uv": [10, 8, 11, 9], "texture": "#1"},
				"west": {"uv": [0, 0, 1, 1], "texture": "#missing"},
				"up": {"uv": [3, 8, 4, 9], "rotation": 180, "texture": "#1"},
				"down": {"uv": [0, 0, 1, 1], "rotation": 270, "texture": "#missing"}
			}
		}
	]
}