{
	"credit": "Made with Blockbench",
	"ambientocclusion": false,
	"textures": {
		"particle": "block/lily_pad",
		"texture": "block/lily_pad"
	},
	"elements": [
		{
			"from": [12.5, 0, 4],
			"to": [13.5, 0.5, 11],
			"faces": {
				"up": {"uv": [13, 4, 14, 11], "texture": "#texture", "tintindex": 0},
				"down": {"uv": [13, 4, 14, 11], "texture": "#texture", "cullface": "down", "tintindex": 0}
			}
		},
		{
			"from": [3.5, 0, 2],
			"to": [5.5, 0.5, 13],
			"faces": {
				"up": {"uv": [4, 2, 6, 13], "texture": "#texture", "tintindex": 0},
				"down": {"uv": [4, 2, 6, 13], "texture": "#texture", "cullface": "down", "tintindex": 0}
			}
		},
		{
			"from": [5.5, 0, 5],
			"to": [7.5, 0.5, 14],
			"faces": {
				"up": {"uv": [6, 5, 8, 14], "texture": "#texture", "tintindex": 0},
				"down": {"uv": [6, 5, 8, 14], "texture": "#texture", "cullface": "down", "tintindex": 0}
			}
		},
		{
			"from": [5.5, 0, 3],
			"to": [6.5, 0.5, 5],
			"faces": {
				"up": {"uv": [6, 4, 7, 6], "texture": "#texture", "tintindex": 0},
				"down": {"uv": [6, 4, 7, 6], "texture": "#texture", "cullface": "down", "tintindex": 0}
			}
		},
		{
			"from": [7.5, 0, 7],
			"to": [8.5, 0.5, 13],
			"faces": {
				"up": {"uv": [8, 7, 9, 13], "texture": "#texture", "tintindex": 0},
				"down": {"uv": [8, 7, 9, 13], "texture": "#texture", "cullface": "down", "tintindex": 0}
			}
		},
		{
			"from": [2.5, 0, 4],
			"to": [3.5, 0.5, 11],
			"faces": {
				"up": {"uv": [3, 4, 4, 11], "texture": "#texture", "tintindex": 0},
				"down": {"uv": [3, 4, 4, 11], "texture": "#texture", "cullface": "down", "tintindex": 0}
			}
		},
		{
			"from": [8.5, 0, 5],
			"to": [10.5, 0.5, 14],
			"faces": {
				"up": {"uv": [9, 5, 11, 14], "texture": "#texture", "tintindex": 0},
				"down": {"uv": [9, 5, 11, 14], "texture": "#texture", "cullface": "down", "tintindex": 0}
			}
		},
		{
			"from": [9.5, 0, 3],
			"to": [10.5, 0.5, 5],
			"faces": {
				"up": {"uv": [10, 3, 11, 5], "texture": "#texture", "tintindex": 0},
				"down": {"uv": [10, 3, 11, 5], "texture": "#texture", "cullface": "down", "tintindex": 0}
			}
		},
		{
			"from": [10.5, 0, 2],
			"to": [12.5, 0.5, 13],
			"faces": {
				"up": {"uv": [11, 2, 13, 13], "texture": "#texture", "tintindex": 0},
				"down": {"uv": [11, 2, 13, 13], "texture": "#texture", "cullface": "down", "tintindex": 0}
			}
		},
		{
			"from": [2.5, 0, 2],
			"to": [3.5, 0.75, 4],
			"faces": {
				"north": {"uv": [3, 2, 4, 4], "texture": "#texture", "tintindex": 0},
				"east": {"uv": [3, 2, 4, 4], "texture": "#texture", "tintindex": 0},
				"south": {"uv": [3, 2, 4, 4], "texture": "#texture", "tintindex": 0},
				"west": {"uv": [3, 2, 4, 4], "texture": "#texture", "tintindex": 0},
				"up": {"uv": [3, 2, 4, 4], "texture": "#texture", "tintindex": 0},
				"down": {"uv": [3, 2, 4, 4], "texture": "#texture", "cullface": "down", "tintindex": 0}
			}
		},
		{
			"from": [12.5, 0, 2],
			"to": [13.5, 0.75, 4],
			"faces": {
				"north": {"uv": [13, 2, 14, 4], "texture": "#texture", "tintindex": 0},
				"east": {"uv": [13, 2, 14, 4], "texture": "#texture", "tintindex": 0},
				"south": {"uv": [13, 2, 14, 4], "texture": "#texture", "tintindex": 0},
				"west": {"uv": [13, 2, 14, 4], "texture": "#texture", "tintindex": 0},
				"up": {"uv": [13, 2, 14, 4], "texture": "#texture", "tintindex": 0},
				"down": {"uv": [13, 2, 14, 4], "texture": "#texture", "cullface": "down", "tintindex": 0}
			}
		},
		{
			"from": [2.5, 0, 11],
			"to": [3.5, 0.75, 13],
			"faces": {
				"north": {"uv": [3, 11, 4, 13], "texture": "#texture", "tintindex": 0},
				"east": {"uv": [3, 11, 4, 13], "texture": "#texture", "tintindex": 0},
				"south": {"uv": [3, 11, 4, 13], "texture": "#texture", "tintindex": 0},
				"west": {"uv": [3, 11, 4, 13], "texture": "#texture", "tintindex": 0},
				"up": {"uv": [3, 11, 4, 13], "texture": "#texture", "tintindex": 0},
				"down": {"uv": [3, 11, 4, 13], "texture": "#texture", "cullface": "down", "tintindex": 0}
			}
		},
		{
			"from": [12.5, 0, 11],
			"to": [13.5, 0.75, 13],
			"faces": {
				"north": {"uv": [13, 11, 14, 13], "texture": "#texture", "tintindex": 0},
				"east": {"uv": [13, 11, 14, 13], "texture": "#texture", "tintindex": 0},
				"south": {"uv": [13, 11, 14, 13], "texture": "#texture", "tintindex": 0},
				"west": {"uv": [13, 11, 14, 13], "texture": "#texture", "tintindex": 0},
				"up": {"uv": [13, 11, 14, 13], "texture": "#texture", "tintindex": 0},
				"down": {"uv": [13, 11, 14, 13], "texture": "#texture", "cullface": "down", "tintindex": 0}
			}
		},
		{
			"from": [3.5, 0, 13],
			"to": [5.5, 0.75, 14],
			"faces": {
				"north": {"uv": [4, 13, 6, 14], "texture": "#texture", "tintindex": 0},
				"east": {"uv": [4, 13, 6, 14], "texture": "#texture", "tintindex": 0},
				"south": {"uv": [4, 13, 6, 14], "texture": "#texture", "tintindex": 0},
				"west": {"uv": [4, 13, 6, 14], "texture": "#texture", "tintindex": 0},
				"up": {"uv": [4, 13, 6, 14], "texture": "#texture", "tintindex": 0},
				"down": {"uv": [4, 13, 6, 14], "texture": "#texture", "cullface": "down", "tintindex": 0}
			}
		},
		{
			"from": [10.5, 0, 13],
			"to": [12.5, 0.75, 14],
			"faces": {
				"north": {"uv": [11, 13, 13, 14], "texture": "#texture", "tintindex": 0},
				"east": {"uv": [11, 13, 13, 14], "texture": "#texture", "tintindex": 0},
				"south": {"uv": [11, 13, 13, 14], "texture": "#texture", "tintindex": 0},
				"west": {"uv": [11, 13, 13, 14], "texture": "#texture", "tintindex": 0},
				"up": {"uv": [11, 13, 13, 14], "texture": "#texture", "tintindex": 0},
				"down": {"uv": [11, 13, 13, 14], "texture": "#texture", "cullface": "down", "tintindex": 0}
			}
		},
		{
			"from": [5.5, 0, 14],
			"to": [10.5, 0.75, 15],
			"faces": {
				"north": {"uv": [6, 14, 11, 15], "texture": "#texture", "tintindex": 0},
				"east": {"uv": [6, 14, 11, 15], "texture": "#texture", "tintindex": 0},
				"south": {"uv": [6, 14, 11, 15], "texture": "#texture", "tintindex": 0},
				"west": {"uv": [6, 14, 11, 15], "texture": "#texture", "tintindex": 0},
				"up": {"uv": [6, 14, 11, 15], "texture": "#texture", "tintindex": 0},
				"down": {"uv": [6, 14, 11, 15], "texture": "#texture", "cullface": "down", "tintindex": 0}
			}
		},
		{
			"from": [3.5, 0, 1],
			"to": [6.5, 0.75, 2],
			"faces": {
				"north": {"uv": [4, 1, 7, 2], "rotation": 180, "texture": "#texture", "tintindex": 0},
				"east": {"uv": [6, 1, 7, 1.75], "texture": "#texture", "tintindex": 0},
				"south": {"uv": [4, 1, 7, 2], "texture": "#texture", "tintindex": 0},
				"west": {"uv": [4, 1, 5, 1.75], "texture": "#texture", "tintindex": 0},
				"up": {"uv": [4, 1, 7, 2], "texture": "#texture", "tintindex": 0},
				"down": {"uv": [4, 1, 7, 2], "texture": "#texture", "cullface": "down", "tintindex": 0}
			}
		},
		{
			"from": [9.5, 0, 1],
			"to": [12.5, 0.75, 2],
			"faces": {
				"north": {"uv": [10, 1, 13, 2], "rotation": 180, "texture": "#texture", "tintindex": 0},
				"east": {"uv": [10, 1, 13, 2], "texture": "#texture", "tintindex": 0},
				"south": {"uv": [10, 1, 13, 2], "texture": "#texture", "tintindex": 0},
				"west": {"uv": [10, 1, 11, 1.75], "texture": "#texture", "tintindex": 0},
				"up": {"uv": [10, 1, 13, 2], "texture": "#texture", "tintindex": 0},
				"down": {"uv": [10, 1, 13, 2], "texture": "#texture", "cullface": "down", "tintindex": 0}
			}
		},
		{
			"from": [5.5, 0, 2],
			"to": [6.5, 0.75, 3],
			"faces": {
				"east": {"uv": [6, 2, 7, 3], "texture": "#texture", "tintindex": 0},
				"south": {"uv": [6, 2, 7, 3], "texture": "#texture", "tintindex": 0},
				"west": {"uv": [6, 2, 7, 3], "texture": "#texture", "tintindex": 0},
				"up": {"uv": [6, 2, 7, 3], "texture": "#texture", "tintindex": 0},
				"down": {"uv": [6, 2, 7, 3], "texture": "#texture", "cullface": "down", "tintindex": 0}
			}
		},
		{
			"from": [9.5, 0, 2],
			"to": [10.5, 0.75, 3],
			"faces": {
				"east": {"uv": [10, 2, 11, 3], "texture": "#texture", "tintindex": 0},
				"south": {"uv": [10, 2, 11, 3], "texture": "#texture", "tintindex": 0},
				"west": {"uv": [10, 2, 11, 3], "texture": "#texture", "tintindex": 0},
				"up": {"uv": [10, 2, 11, 3], "texture": "#texture", "tintindex": 0},
				"down": {"uv": [10, 2, 11, 3], "texture": "#texture", "cullface": "down", "tintindex": 0}
			}
		},
		{
			"from": [6.5, 0, 3],
			"to": [7.5, 0.75, 5],
			"faces": {
				"north": {"uv": [7, 3, 8, 3.75], "texture": "#texture", "tintindex": 0},
				"east": {"uv": [7, 3, 8, 5], "rotation": 90, "texture": "#texture", "tintindex": 0},
				"south": {"uv": [7, 4, 8, 4.75], "texture": "#texture", "tintindex": 0},
				"west": {"uv": [7, 3, 8, 5], "rotation": 270, "texture": "#texture", "tintindex": 0},
				"up": {"uv": [7, 3, 8, 5], "texture": "#texture", "tintindex": 0},
				"down": {"uv": [7, 3, 8, 5], "texture": "#texture", "cullface": "down", "tintindex": 0}
			}
		},
		{
			"from": [8.5, 0, 3],
			"to": [9.5, 0.75, 5],
			"faces": {
				"north": {"uv": [9, 3, 10, 3.75], "texture": "#texture", "tintindex": 0},
				"east": {"uv": [9, 3, 10, 5], "rotation": 90, "texture": "#texture", "tintindex": 0},
				"south": {"uv": [9, 4, 10, 4.75], "texture": "#texture", "tintindex": 0},
				"west": {"uv": [9, 3, 10, 5], "rotation": 270, "texture": "#texture", "tintindex": 0},
				"up": {"uv": [9, 3, 10, 5], "texture": "#texture", "tintindex": 0},
				"down": {"uv": [9, 3, 10, 5], "texture": "#texture", "cullface": "down", "tintindex": 0}
			}
		},
		{
			"from": [7.5, 0, 5],
			"to": [8.5, 0.75, 7],
			"faces": {
				"north": {"uv": [8, 5, 9, 7], "texture": "#texture", "tintindex": 0},
				"east": {"uv": [8, 5, 9, 7], "texture": "#texture", "tintindex": 0},
				"south": {"uv": [8, 5, 9, 7], "texture": "#texture", "tintindex": 0},
				"west": {"uv": [8, 5, 9, 7], "texture": "#texture", "tintindex": 0},
				"up": {"uv": [8, 5, 9, 7], "texture": "#texture", "tintindex": 0},
				"down": {"uv": [8, 5, 9, 7], "texture": "#texture", "cullface": "down", "tintindex": 0}
			}
		},
		{
			"from": [7.5, 0, 13],
			"to": [8.5, 0.75, 14],
			"faces": {
				"north": {"uv": [8, 13, 9, 14], "texture": "#texture", "tintindex": 0},
				"east": {"uv": [8, 13, 9, 14], "texture": "#texture", "tintindex": 0},
				"west": {"uv": [8, 13, 9, 14], "texture": "#texture", "tintindex": 0},
				"up": {"uv": [8, 13, 9, 14], "texture": "#texture", "tintindex": 0},
				"down": {"uv": [8, 13, 9, 14], "texture": "#texture", "cullface": "down", "tintindex": 0}
			}
		},
		{
			"from": [1.5, 0, 4],
			"to": [2.5, 0.75, 11],
			"faces": {
				"north": {"uv": [2, 4, 3, 11], "texture": "#texture", "tintindex": 0},
				"east": {"uv": [2, 4, 3, 11], "texture": "#texture", "tintindex": 0},
				"south": {"uv": [2, 4, 3, 11], "texture": "#texture", "tintindex": 0},
				"west": {"uv": [2, 4, 3, 11], "texture": "#texture", "tintindex": 0},
				"up": {"uv": [2, 4, 3, 11], "texture": "#texture", "tintindex": 0},
				"down": {"uv": [2, 4, 3, 11], "texture": "#texture", "cullface": "down", "tintindex": 0}
			}
		},
		{
			"from": [13.5, 0, 4],
			"to": [14.5, 0.75, 11],
			"faces": {
				"north": {"uv": [14, 4, 15, 11], "texture": "#texture", "tintindex": 0},
				"east": {"uv": [14, 4, 15, 11], "texture": "#texture", "tintindex": 0},
				"south": {"uv": [14, 4, 15, 11], "texture": "#texture", "tintindex": 0},
				"west": {"uv": [14, 4, 15, 11], "texture": "#texture", "tintindex": 0},
				"up": {"uv": [14, 4, 15, 11], "texture": "#texture", "tintindex": 0},
				"down": {"uv": [14, 4, 15, 11], "texture": "#texture", "cullface": "down", "tintindex": 0}
			}
		}
	],
	"groups": [
		{
			"name": "inner",
			"origin": [8, 8, 8],
			"color": 0,
			"children": [0, 1, 2, 3, 4, 5, 6, 7, 8]
		},
		{
			"name": "outer",
			"origin": [8, 8, 8],
			"color": 0,
			"children": [9, 10, 11, 12, 13, 14, 15, 16, 17, 18, 19, 20, 21, 22, 23, 24, 25]
		}
	]
}