{
	"credit": "Made with Blockbench",
	"ambientocclusion": false,
	"textures": {
		"particle": "block/flower_pot",
		"flowerpot": "block/flower_pot",
		"cactus": "block/cactus_side",
		"cactus_top": "block/cactus_top"
	},
	"elements": [
		{
			"from": [5, 0, 5],
			"to": [11, 6, 11],
			"faces": {
				"north": {"uv": [5, 10, 11, 16], "texture": "#flowerpot"},
				"east": {"uv": [5, 10, 11, 16], "texture": "#flowerpot"},
				"south": {"uv": [5, 10, 11, 16], "texture": "#flowerpot"},
				"west": {"uv": [5, 10, 11, 16], "texture": "#flowerpot"},
				"up": {"uv": [5, 5, 11, 11], "texture": "#flowerpot"},
				"down": {"uv": [5, 5, 11, 11], "texture": "#flowerpot", "cullface": "down"}
			}
		},
		{
			"from": [6, 5, 6],
			"to": [10, 16, 10],
			"faces": {
				"north": {"uv": [6, 0, 10, 12], "texture": "#cactus"},
				"east": {"uv": [6, 3, 10, 15], "texture": "#cactus"},
				"south": {"uv": [6, 0, 10, 12], "texture": "#cactus"},
				"west": {"uv": [6, 3, 10, 15], "texture": "#cactus"},
				"up": {"uv": [6, 6, 10, 10], "texture": "#cactus_top", "cullface": "up"}
			}
		},
		{
			"from": [5.5, 12.25, 7],
			"to": [6, 13.25, 8],
			"faces": {
				"north": {"uv": [7, 6, 8, 7], "texture": "#cactus"},
				"east": {"uv": [7, 6, 8, 7], "texture": "#cactus"},
				"south": {"uv": [7, 6, 8, 7], "texture": "#cactus"},
				"west": {"uv": [7, 6, 8, 7], "texture": "#cactus"},
				"up": {"uv": [7, 6, 8, 7], "texture": "#cactus"},
				"down": {"uv": [7, 6, 8, 7], "texture": "#cactus"}
			}
		},
		{
			"from": [10, 12.25, 8],
			"to": [10.5, 13.25, 9],
			"faces": {
				"north": {"uv": [7, 6, 8, 7], "texture": "#cactus"},
				"east": {"uv": [7, 6, 8, 7], "texture": "#cactus"},
				"south": {"uv": [7, 6, 8, 7], "texture": "#cactus"},
				"west": {"uv": [7, 6, 8, 7], "texture": "#cactus"},
				"up": {"uv": [7, 6, 8, 7], "texture": "#cactus"},
				"down": {"uv": [7, 6, 8, 7], "texture": "#cactus"}
			}
		},
		{
			"from": [9, 16, 9],
			"to": [10, 16.5, 11],
			"faces": {
				"north": {"uv": [7, 6, 8, 7], "texture": "#cactus"},
				"east": {"uv": [7, 6, 8, 7], "texture": "#cactus"},
				"south": {"uv": [7, 6, 8, 7], "texture": "#cactus"},
				"west": {"uv": [7, 6, 8, 7], "texture": "#cactus"},
				"up": {"uv": [7, 6, 8, 7], "texture": "#cactus"},
				"down": {"uv": [7, 6, 8, 7], "texture": "#cactus"}
			}
		},
		{
			"from": [7, 9.5, 10],
			"to": [8, 10.5, 10.5],
			"faces": {
				"north": {"uv": [7, 6, 8, 7], "texture": "#cactus"},
				"east": {"uv": [7, 6, 8, 7], "texture": "#cactus"},
				"south": {"uv": [7, 6, 8, 7], "texture": "#cactus"},
				"west": {"uv": [7, 6, 8, 7], "texture": "#cactus"},
				"up": {"uv": [7, 6, 8, 7], "texture": "#cactus"},
				"down": {"uv": [7, 6, 8, 7], "texture": "#cactus"}
			}
		},
		{
			"from": [8, 9.5, 5.5],
			"to": [9, 10.5, 6],
			"faces": {
				"north": {"uv": [7, 6, 8, 7], "texture": "#cactus"},
				"east": {"uv": [7, 6, 8, 7], "texture": "#cactus"},
				"south": {"uv": [7, 6, 8, 7], "texture": "#cactus"},
				"west": {"uv": [7, 6, 8, 7], "texture": "#cactus"},
				"up": {"uv": [7, 6, 8, 7], "texture": "#cactus"},
				"down": {"uv": [7, 6, 8, 7], "texture": "#cactus"}
			}
		}
	],
	"groups": [0, 1,
		{
			"name": "spikes",
			"origin": [8, 8, 8],
			"color": 0,
			"children": [2, 3, 4, 5, 6]
		}
	]
}