{
	"credit": "Made with Blockbench",
	"ambientocclusion": false,
	"textures": {
		"0": "block/red_mushroom",
		"1": "block/red_mushroom_net",
		"3": "block/red_mushroom_net_e",
		"missing": "block/missing",
		"particle": "block/red_mushroom_net_e"
	},
	"elements": [
		{
			"from": [7, 0, 7],
			"to": [9, 6, 9],
			"faces": {
				"north": {"uv": [6, 0, 8, 6], "texture": "#1"},
				"east": {"uv": [4, 0, 6, 6], "texture": "#1"},
				"south": {"uv": [2, 0, 4, 6], "texture": "#1"},
				"west": {"uv": [0, 0, 2, 6], "texture": "#1"},
				"up": {"uv": [0, 0, 2, 2], "texture": "#0"},
				"down": {"uv": [0, 6, 2, 8], "texture": "#1"}
			}
		},
		{
			"from": [7, 0, 7],
			"to": [9, 6, 9],
			"faces": {
				"north": {"uv": [6, 0, 8, 6], "texture": "#3"},
				"east": {"uv": [4, 0, 6, 6], "texture": "#3"},
				"south": {"uv": [2, 0, 4, 6], "texture": "#3"},
				"west": {"uv": [0, 0, 2, 6], "texture": "#3"},
				"up": {"uv": [0, 0, 2, 2], "texture": "#0"},
				"down": {"uv": [0, 6, 2, 8], "texture": "#1"}
			}
		},
		{
			"from": [6, 2, 5],
			"to": [10, 6, 6],
			"faces": {
				"north": {"uv": [8, 4, 12, 8], "texture": "#1"},
				"east": {"uv": [8, 4, 9, 8], "texture": "#1"},
				"south": {"uv": [0, 12, 4, 16], "texture": "#1"},
				"west": {"uv": [11, 4, 12, 8], "texture": "#1"},
				"up": {"uv": [8, 4, 12, 5], "rotation": 180, "texture": "#1"},
				"down": {"uv": [8, 7, 12, 8], "rotation": 180, "texture": "#1"}
			}
		},
		{
			"from": [6, 2, 5],
			"to": [10, 6, 6],
			"faces": {
				"north": {"uv": [8, 4, 12, 8], "texture": "#3"},
				"east": {"uv": [8, 4, 9, 8], "texture": "#1"},
				"south": {"uv": [0, 12, 4, 16], "texture": "#1"},
				"west": {"uv": [11, 4, 12, 8], "texture": "#1"},
				"up": {"uv": [8, 4, 12, 5], "rotation": 180, "texture": "#1"},
				"down": {"uv": [8, 7, 12, 8], "rotation": 180, "texture": "#1"}
			}
		},
		{
			"from": [6, 2, 10],
			"to": [10, 6, 11],
			"faces": {
				"north": {"uv": [0, 12, 4, 16], "texture": "#1"},
				"east": {"uv": [15, 0, 16, 4], "texture": "#1"},
				"south": {"uv": [12, 0, 16, 4], "texture": "#1"},
				"west": {"uv": [12, 0, 13, 4], "texture": "#1"},
				"up": {"uv": [12, 0, 16, 1], "texture": "#1"},
				"down": {"uv": [12, 3, 16, 4], "texture": "#1"}
			}
		},
		{
			"from": [6, 2, 10],
			"to": [10, 6, 11],
			"faces": {
				"north": {"uv": [0, 12, 4, 16], "texture": "#3"},
				"east": {"uv": [15, 0, 16, 4], "texture": "#1"},
				"south": {"uv": [12, 0, 16, 4], "texture": "#1"},
				"west": {"uv": [12, 0, 13, 4], "texture": "#1"},
				"up": {"uv": [12, 0, 16, 1], "texture": "#1"},
				"down": {"uv": [12, 3, 16, 4], "texture": "#1"}
			}
		},
		{
			"from": [6, 6, 6],
			"to": [10, 7, 10],
			"faces": {
				"north": {"uv": [12, 8, 16, 9], "rotation": 180, "texture": "#1"},
				"east": {"uv": [15, 8, 16, 12], "rotation": 90, "texture": "#1"},
				"south": {"uv": [12, 11, 16, 12], "texture": "#1"},
				"west": {"uv": [12, 8, 13, 12], "rotation": 270, "texture": "#1"},
				"up": {"uv": [12, 8, 16, 12], "texture": "#1"},
				"down": {"uv": [0, 12, 4, 16], "rotation": 180, "texture": "#1"}
			}
		},
		{
			"from": [6, 6, 6],
			"to": [10, 7, 10],
			"faces": {
				"north": {"uv": [12, 8, 16, 9], "rotation": 180, "texture": "#3"},
				"east": {"uv": [15, 8, 16, 12], "rotation": 90, "texture": "#1"},
				"south": {"uv": [12, 11, 16, 12], "texture": "#1"},
				"west": {"uv": [12, 8, 13, 12], "rotation": 270, "texture": "#1"},
				"up": {"uv": [12, 8, 16, 12], "texture": "#1"},
				"down": {"uv": [0, 12, 4, 16], "rotation": 180, "texture": "#1"}
			}
		},
		{
			"from": [10, 2, 6],
			"to": [11, 6, 10],
			"faces": {
				"north": {"uv": [15, 4, 16, 8], "texture": "#1"},
				"east": {"uv": [12, 4, 16, 8], "texture": "#1"},
				"south": {"uv": [12, 4, 13, 8], "texture": "#1"},
				"west": {"uv": [0, 12, 4, 16], "texture": "#1"},
				"up": {"uv": [12, 4, 16, 5], "rotation": 270, "texture": "#1"},
				"down": {"uv": [12, 7, 16, 8], "rotation": 90, "texture": "#1"}
			}
		},
		{
			"from": [10, 2, 6],
			"to": [11, 6, 10],
			"faces": {
				"north": {"uv": [15, 4, 16, 8], "texture": "#3"},
				"east": {"uv": [12, 4, 16, 8], "texture": "#1"},
				"south": {"uv": [12, 4, 13, 8], "texture": "#1"},
				"west": {"uv": [0, 12, 4, 16], "texture": "#1"},
				"up": {"uv": [12, 4, 16, 5], "rotation": 270, "texture": "#1"},
				"down": {"uv": [12, 7, 16, 8], "rotation": 90, "texture": "#1"}
			}
		},
		{
			"from": [5, 2, 6],
			"to": [6, 6, 10],
			"faces": {
				"north": {"uv": [8, 0, 9, 4], "texture": "#1"},
				"east": {"uv": [0, 12, 4, 16], "texture": "#1"},
				"south": {"uv": [11, 0, 12, 4], "texture": "#1"},
				"west": {"uv": [8, 0, 12, 4], "texture": "#1"},
				"up": {"uv": [8, 0, 12, 1], "rotation": 90, "texture": "#1"},
				"down": {"uv": [8, 3, 12, 4], "rotation": 270, "texture": "#1"}
			}
		},
		{
			"from": [5, 2, 6],
			"to": [6, 6, 10],
			"faces": {
				"north": {"uv": [8, 0, 9, 4], "texture": "#3"},
				"east": {"uv": [0, 12, 4, 16], "texture": "#1"},
				"south": {"uv": [11, 0, 12, 4], "texture": "#1"},
				"west": {"uv": [8, 0, 12, 4], "texture": "#1"},
				"up": {"uv": [8, 0, 12, 1], "rotation": 90, "texture": "#1"},
				"down": {"uv": [8, 3, 12, 4], "rotation": 270, "texture": "#1"}
			}
		}
	]
}