{
	"credit": "Made with Blockbench",
	"parent": "minecraft:block/3d_cross",
	"textures": {
		"cross": "block/sugar_cane"
	},
	"elements": [
		{
			"from": [9, 0, 4],
			"to": [11, 16, 6],
			"faces": {
				"north": {"uv": [5, 0, 7, 16], "texture": "#cross"},
				"east": {"uv": [5, 0, 7, 16], "texture": "#cross"},
				"south": {"uv": [5, 0, 7, 16], "texture": "#cross"},
				"west": {"uv": [5, 0, 7, 16], "texture": "#cross"},
				"up": {"uv": [5, 4, 7, 6], "texture": "#cross", "cullface": "up"},
				"down": {"uv": [5, 4, 7, 6], "texture": "#cross", "cullface": "down"}
			}
		},
		{
			"from": [13, 0, 10],
			"to": [15, 16, 12],
			"faces": {
				"north": {"uv": [1, 0, 3, 16], "texture": "#cross"},
				"east": {"uv": [1, 0, 3, 16], "texture": "#cross"},
				"south": {"uv": [1, 0, 3, 16], "texture": "#cross"},
				"west": {"uv": [1, 0, 3, 16], "texture": "#cross"},
				"up": {"uv": [1, 0, 3, 2], "texture": "#cross", "cullface": "up"},
				"down": {"uv": [1, 0, 3, 2], "texture": "#cross", "cullface": "down"}
			}
		},
		{
			"from": [5, 0, 12],
			"to": [7, 16, 14],
			"faces": {
				"north": {"uv": [9, 0, 11, 16], "texture": "#cross"},
				"east": {"uv": [9, 0, 11, 16], "texture": "#cross"},
				"south": {"uv": [9, 0, 11, 16], "texture": "#cross"},
				"west": {"uv": [9, 0, 11, 16], "texture": "#cross"},
				"up": {"uv": [9, 5, 11, 7], "texture": "#cross", "cullface": "up"},
				"down": {"uv": [9, 5, 11, 7], "texture": "#cross", "cullface": "down"}
			}
		},
		{
			"from": [1, 0, 2],
			"to": [3, 16, 4],
			"faces": {
				"north": {"uv": [13, 0, 15, 16], "texture": "#cross"},
				"east": {"uv": [13, 0, 15, 16], "texture": "#cross"},
				"south": {"uv": [13, 0, 15, 16], "texture": "#cross"},
				"west": {"uv": [13, 0, 15, 16], "texture": "#cross"},
				"up": {"uv": [13, 1, 15, 3], "texture": "#cross", "cullface": "up"},
				"down": {"uv": [13, 1, 15, 3], "texture": "#cross", "cullface": "down"}
			}
		},
		{
			"from": [15, 6, 12],
			"to": [16, 8, 13],
			"faces": {
				"north": {"uv": [0, 8, 1, 10], "texture": "#cross"},
				"east": {"uv": [0, 8, 1, 10], "texture": "#cross", "cullface": "east"},
				"south": {"uv": [0, 8, 1, 10], "texture": "#cross"},
				"west": {"uv": [0, 8, 1, 10], "texture": "#cross"},
				"up": {"uv": [0, 8, 1, 9], "texture": "#cross"},
				"down": {"uv": [0, 9, 1, 10], "texture": "#cross"}
			}
		},
		{
			"from": [12, 6, 9],
			"to": [13, 8, 10],
			"faces": {
				"north": {"uv": [0, 8, 1, 10], "texture": "#cross"},
				"east": {"uv": [0, 8, 1, 10], "texture": "#cross"},
				"south": {"uv": [0, 8, 1, 10], "texture": "#cross"},
				"west": {"uv": [0, 8, 1, 10], "texture": "#cross"},
				"up": {"uv": [0, 8, 1, 9], "texture": "#cross"},
				"down": {"uv": [0, 9, 1, 10], "texture": "#cross"}
			}
		},
		{
			"from": [11, 5, 3],
			"to": [12, 6, 4],
			"faces": {
				"north": {"uv": [4, 10, 5, 11], "texture": "#cross"},
				"east": {"uv": [4, 10, 5, 11], "texture": "#cross"},
				"south": {"uv": [4, 10, 5, 11], "texture": "#cross"},
				"west": {"uv": [4, 10, 5, 11], "texture": "#cross"},
				"up": {"uv": [4, 10, 5, 11], "texture": "#cross"},
				"down": {"uv": [4, 10, 5, 11], "texture": "#cross"}
			}
		},
		{
			"from": [8, 5, 6],
			"to": [9, 6, 7],
			"faces": {
				"north": {"uv": [4, 10, 5, 11], "texture": "#cross"},
				"east": {"uv": [4, 10, 5, 11], "texture": "#cross"},
				"south": {"uv": [4, 10, 5, 11], "texture": "#cross"},
				"west": {"uv": [4, 10, 5, 11], "texture": "#cross"},
				"up": {"uv": [4, 10, 5, 11], "texture": "#cross"},
				"down": {"uv": [4, 10, 5, 11], "texture": "#cross"}
			}
		},
		{
			"from": [3, 2, 4],
			"to": [4, 3, 5],
			"faces": {
				"north": {"uv": [12, 13, 13, 14], "texture": "#cross"},
				"east": {"uv": [12, 13, 13, 14], "texture": "#cross"},
				"south": {"uv": [12, 13, 13, 14], "texture": "#cross"},
				"west": {"uv": [12, 13, 13, 14], "texture": "#cross"},
				"up": {"uv": [12, 13, 13, 14], "texture": "#cross"},
				"down": {"uv": [12, 13, 13, 14], "texture": "#cross"}
			}
		},
		{
			"from": [0, 2, 1],
			"to": [1, 3, 2],
			"faces": {
				"north": {"uv": [12, 13, 13, 14], "texture": "#cross"},
				"east": {"uv": [12, 13, 13, 14], "texture": "#cross"},
				"south": {"uv": [12, 13, 13, 14], "texture": "#cross"},
				"west": {"uv": [12, 13, 13, 14], "texture": "#cross", "cullface": "west"},
				"up": {"uv": [12, 13, 13, 14], "texture": "#cross"},
				"down": {"uv": [12, 13, 13, 14], "texture": "#cross"}
			}
		},
		{
			"from": [3, 8, 1],
			"to": [4, 10, 2],
			"faces": {
				"north": {"uv": [15, 6, 16, 8], "texture": "#cross"},
				"east": {"uv": [15, 6, 16, 8], "texture": "#cross"},
				"south": {"uv": [15, 6, 16, 8], "texture": "#cross"},
				"west": {"uv": [15, 6, 16, 8], "texture": "#cross"},
				"up": {"uv": [15, 6, 16, 7], "texture": "#cross"},
				"down": {"uv": [15, 7, 16, 8], "texture": "#cross"}
			}
		},
		{
			"from": [0, 8, 4],
			"to": [1, 10, 5],
			"faces": {
				"north": {"uv": [15, 6, 16, 8], "texture": "#cross"},
				"east": {"uv": [15, 6, 16, 8], "texture": "#cross"},
				"south": {"uv": [15, 6, 16, 8], "texture": "#cross"},
				"west": {"uv": [15, 6, 16, 8], "texture": "#cross", "cullface": "west"},
				"up": {"uv": [15, 6, 16, 7], "texture": "#cross"},
				"down": {"uv": [15, 7, 16, 8], "texture": "#cross"}
			}
		},
		{
			"from": [8, 11, 3],
			"to": [9, 13, 4],
			"faces": {
				"north": {"uv": [7, 3, 8, 5], "texture": "#cross"},
				"east": {"uv": [7, 3, 8, 5], "texture": "#cross"},
				"south": {"uv": [7, 3, 8, 5], "texture": "#cross"},
				"west": {"uv": [7, 3, 8, 5], "texture": "#cross"},
				"up": {"uv": [7, 3, 8, 4], "texture": "#cross"},
				"down": {"uv": [7, 4, 8, 5], "texture": "#cross"}
			}
		},
		{
			"from": [11, 11, 6],
			"to": [12, 13, 7],
			"faces": {
				"north": {"uv": [7, 3, 8, 5], "texture": "#cross"},
				"east": {"uv": [7, 3, 8, 5], "texture": "#cross"},
				"south": {"uv": [7, 3, 8, 5], "texture": "#cross"},
				"west": {"uv": [7, 3, 8, 5], "texture": "#cross"},
				"up": {"uv": [7, 3, 8, 4], "texture": "#cross"},
				"down": {"uv": [7, 4, 8, 5], "texture": "#cross"}
			}
		},
		{
			"from": [15, 12, 9],
			"to": [16, 14, 10],
			"faces": {
				"north": {"uv": [3, 2, 4, 4], "texture": "#cross"},
				"east": {"uv": [3, 2, 4, 4], "texture": "#cross", "cullface": "east"},
				"south": {"uv": [3, 2, 4, 4], "texture": "#cross"},
				"west": {"uv": [3, 2, 4, 4], "texture": "#cross"},
				"up": {"uv": [3, 2, 4, 3], "texture": "#cross"},
				"down": {"uv": [3, 3, 4, 4], "texture": "#cross"}
			}
		},
		{
			"from": [4, 13, 14],
			"to": [5, 14, 15],
			"faces": {
				"north": {"uv": [11, 2, 12, 3], "texture": "#cross"},
				"east": {"uv": [11, 2, 12, 3], "texture": "#cross"},
				"south": {"uv": [11, 2, 12, 3], "texture": "#cross"},
				"west": {"uv": [11, 2, 12, 3], "texture": "#cross"},
				"up": {"uv": [11, 2, 12, 3], "texture": "#cross"},
				"down": {"uv": [11, 2, 12, 3], "texture": "#cross"}
			}
		},
		{
			"from": [7, 13, 11],
			"to": [8, 14, 12],
			"faces": {
				"north": {"uv": [11, 2, 12, 3], "texture": "#cross"},
				"east": {"uv": [11, 2, 12, 3], "texture": "#cross"},
				"south": {"uv": [11, 2, 12, 3], "texture": "#cross"},
				"west": {"uv": [11, 2, 12, 3], "texture": "#cross"},
				"up": {"uv": [11, 2, 12, 3], "texture": "#cross"},
				"down": {"uv": [11, 2, 12, 3], "texture": "#cross"}
			}
		},
		{
			"from": [7, 4, 11],
			"to": [8, 6, 12],
			"faces": {
				"north": {"uv": [8, 10, 9, 12], "texture": "#cross"},
				"east": {"uv": [8, 10, 9, 12], "texture": "#cross"},
				"south": {"uv": [8, 10, 9, 12], "texture": "#cross"},
				"west": {"uv": [8, 10, 9, 12], "texture": "#cross"},
				"up": {"uv": [8, 10, 9, 11], "texture": "#cross"},
				"down": {"uv": [8, 11, 9, 12], "texture": "#cross"}
			}
		},
		{
			"from": [4, 4, 14],
			"to": [5, 6, 15],
			"faces": {
				"north": {"uv": [8, 10, 9, 12], "texture": "#cross"},
				"east": {"uv": [8, 10, 9, 12], "texture": "#cross"},
				"south": {"uv": [8, 10, 9, 12], "texture": "#cross"},
				"west": {"uv": [8, 10, 9, 12], "texture": "#cross"},
				"up": {"uv": [8, 10, 9, 11], "texture": "#cross"},
				"down": {"uv": [8, 11, 9, 12], "texture": "#cross"}
			}
		},
		{
			"from": [12, 12, 12],
			"to": [13, 14, 13],
			"faces": {
				"north": {"uv": [3, 2, 4, 4], "texture": "#cross"},
				"east": {"uv": [3, 2, 4, 4], "texture": "#cross"},
				"south": {"uv": [3, 2, 4, 4], "texture": "#cross"},
				"west": {"uv": [3, 2, 4, 4], "texture": "#cross"},
				"up": {"uv": [3, 2, 4, 3], "texture": "#cross"},
				"down": {"uv": [3, 3, 4, 4], "texture": "#cross"}
			}
		}
	],
	"groups": [
		{
			"name": "sticks",
			"origin": [8, 8, 8],
			"color": 0,
			"children": [0, 1, 2, 3]
		},
		{
			"name": "leaves",
			"origin": [8, 8, 8],
			"color": 0,
			"children": [4, 5, 6, 7, 8, 9, 10, 11, 12, 13, 14, 15, 16, 17, 18, 19]
		}
	]
}