{
	"credit": "Made with Blockbench",
	"ambientocclusion": false,
	"texture_size": [32, 32],
	"textures": {
		"2": "./teacup"
	},
	"elements": [
		{
			"from": [5, 0, 5],
			"to": [6, 6, 11],
			"faces": {
				"north": {"uv": [2.5, 9, 3, 12], "texture": "#2"},
				"east": {"uv": [0, 9, 3, 12], "texture": "#2"},
				"south": {"uv": [0, 9, 0.5, 12], "texture": "#2"},
				"west": {"uv": [0, 9, 3, 12], "texture": "#2"},
				"up": {"uv": [0, 6.5, 0.5, 9.5], "texture": "#2"},
				"down": {"uv": [0, 6.5, 0.5, 9.5], "texture": "#2", "cullface": "down"}
			}
		},
		{
			"from": [10, 0, 5],
			"to": [11, 6, 11],
			"faces": {
				"north": {"uv": [0, 9, 0.5, 12], "texture": "#2"},
				"east": {"uv": [0, 9, 3, 12], "texture": "#2"},
				"south": {"uv": [2.5, 9, 3, 12], "texture": "#2"},
				"west": {"uv": [0, 9, 3, 12], "texture": "#2"},
				"up": {"uv": [2.5, 6.5, 3, 9.5], "texture": "#2"},
				"down": {"uv": [2.5, 6.5, 3, 9.5], "texture": "#2", "cullface": "down"}
			}
		},
		{
			"from": [6, 0, 5],
			"to": [10, 6, 6],
			"faces": {
				"north": {"uv": [0.5, 9, 2.5, 12], "texture": "#2"},
				"east": {"uv": [0, 0, 0, 0], "texture": "#2"},
				"south": {"uv": [0.5, 9, 2.5, 12], "texture": "#2"},
				"west": {"uv": [0, 0, 0, 0], "texture": "#2"},
				"up": {"uv": [0.5, 6.5, 2.5, 7], "texture": "#2"},
				"down": {"uv": [0.5, 9, 2.5, 9.5], "texture": "#2", "cullface": "down"}
			}
		},
		{
			"from": [6, 0, 10],
			"to": [10, 6, 11],
			"faces": {
				"north": {"uv": [0.5, 9, 2.5, 12], "texture": "#2"},
				"east": {"uv": [0, 0, 0, 0], "texture": "#2"},
				"south": {"uv": [0.5, 9, 2.5, 12], "texture": "#2"},
				"west": {"uv": [0, 0, 0, 0], "texture": "#2"},
				"up": {"uv": [0.5, 11.5, 2.5, 12], "texture": "#2"},
				"down": {"uv": [0.5, 6.5, 2.5, 7], "texture": "#2", "cullface": "down"}
			}
		},
		{
			"name": "body",
			"from": [6, 0, 6],
			"to": [10, 8, 10],
			"rotation": {"angle": 0, "axis": "y", "origin": [8, 7, 7]},
			"faces": {
				"north": {"uv": [9, 4, 11, 8], "texture": "#2"},
				"east": {"uv": [7.5, 4, 9.5, 8], "texture": "#2"},
				"south": {"uv": [13.5, 4, 15.5, 8], "texture": "#2"},
				"west": {"uv": [11.5, 4, 13.5, 8], "texture": "#2"},
				"up": {"uv": [9, 2, 11, 4], "texture": "#2"},
				"down": {"uv": [0.5, 9.5, 2.5, 11.5], "texture": "#2"}
			}
		},
		{
			"name": "head",
			"from": [6, 8, 6],
			"to": [10, 12, 10],
			"rotation": {"angle": 0, "axis": "y", "origin": [8, 12, 7]},
			"faces": {
				"north": {"uv": [2, 2, 4, 4], "texture": "#2"},
				"east": {"uv": [0, 2, 2, 4], "texture": "#2"},
				"south": {"uv": [6, 2, 8, 4], "texture": "#2"},
				"west": {"uv": [4, 2, 6, 4], "texture": "#2"},
				"up": {"uv": [2, 0, 4, 2], "texture": "#2"},
				"down": {"uv": [4, 0, 6, 2], "texture": "#2"}
			}
		},
		{
			"name": "nose",
			"from": [6.5, 8.3, 5.5],
			"to": [9.5, 10.3, 6.5],
			"rotation": {"angle": 0, "axis": "y", "origin": [8, 12, 7]},
			"faces": {
				"north": {"uv": [3.5, 7, 5, 8], "texture": "#2"},
				"east": {"uv": [3, 7, 3.5, 8], "texture": "#2"},
				"south": {"uv": [0, 0, 1.5, 2], "texture": "#2"},
				"west": {"uv": [5, 7, 5.5, 8], "texture": "#2"},
				"up": {"uv": [3.5, 6.5, 5, 7], "texture": "#2"},
				"down": {"uv": [5, 6.5, 6.5, 7], "texture": "#2"}
			}
		},
		{
			"from": [8.05, 6.05, 4.15],
			"to": [9.95, 7.95, 6.05],
			"rotation": {"angle": 0, "axis": "x", "origin": [1, 3, 1]},
			"faces": {
				"north": {"uv": [2, 4, 3, 5], "rotation": 180, "texture": "#2"},
				"east": {"uv": [2, 5.5, 3, 6.5], "rotation": 270, "texture": "#2"},
				"south": {"uv": [1, 4, 2, 5], "texture": "#2"},
				"west": {"uv": [0, 5.5, 1, 6.5], "rotation": 90, "texture": "#2"},
				"up": {"uv": [3, 5.5, 4, 6.5], "rotation": 180, "texture": "#2"},
				"down": {"uv": [1, 5.5, 2, 6.5], "texture": "#2"}
			}
		},
		{
			"from": [6.05, 6.05, 4.15],
			"to": [7.95, 7.95, 6.05],
			"rotation": {"angle": 0, "axis": "x", "origin": [1, 3, 1]},
			"faces": {
				"north": {"uv": [2, 4, 3, 5], "rotation": 180, "texture": "#2"},
				"east": {"uv": [2, 5.5, 3, 6.5], "rotation": 270, "texture": "#2"},
				"south": {"uv": [1, 4, 2, 5], "texture": "#2"},
				"west": {"uv": [0, 5.5, 1, 6.5], "rotation": 90, "texture": "#2"},
				"up": {"uv": [3, 5.5, 4, 6.5], "rotation": 180, "texture": "#2"},
				"down": {"uv": [1, 5.5, 2, 6.5], "texture": "#2"}
			}
		}
	],
	"display": {
		"thirdperson_righthand": {
			"translation": [0, 3, 1],
			"scale": [0.55, 0.55, 0.55]
		},
		"thirdperson_lefthand": {
			"translation": [0, 3, 1],
			"scale": [0.55, 0.55, 0.55]
		},
		"firstperson_righthand": {
			"rotation": [0, -90, 25],
			"translation": [1.13, 3.2, 1.13],
			"scale": [0.68, 0.68, 0.68]
		},
		"firstperson_lefthand": {
			"rotation": [0, -90, 25],
			"translation": [1.13, 3.2, 1.13],
			"scale": [0.68, 0.68, 0.68]
		},
		"ground": {
			"translation": [0, 2, 0],
			"scale": [0.5, 0.5, 0.5]
		},
		"gui": {
			"rotation": [30, 225, 0],
			"translation": [0, 1.75, 0]
		},
		"head": {
			"translation": [0, 13, 0]
		},
		"fixed": {
			"rotation": [-90, 0, 0],
			"translation": [0, 0, -15.5],
			"scale": [2, 2, 2]
		}
	},
	"groups": [0, 1, 2, 3,
		{
			"name": "teacup",
			"origin": [0, 0, 0],
			"color": 0,
			"children": [4,
				{
					"name": "head",
					"origin": [0, 0, 0],
					"color": 0,
					"children": [5, 6]
				},
				{
					"name": "legs",
					"origin": [0, 0, 0],
					"color": 0,
					"children": [7, 8]
				}
			]
		}
	]
}